Divipola,Depto,Municipio,IICA 2014,IICA 2015,IICA 2016,IICA 2014 Categoría,IICA 2015 Categoría,IICA 2016 Categoría
05001,ANTIOQUIA,MEDELLIN,0.00692,0.00563,0.00637,Medio bajo,Bajo,Bajo
05002,ANTIOQUIA,ABEJORRAL,0.00738,0.00640,0.00831,Medio bajo,Bajo,Medio bajo
05004,ANTIOQUIA,ABRIAQUI,0.00070,0.00000,0.00049,Bajo,Bajo,Bajo
05021,ANTIOQUIA,ALEJANDRIA,0.00056,0.00477,0.00523,Bajo,Bajo,Bajo
05030,ANTIOQUIA,AMAGA,0.00925,0.00729,0.00698,Medio bajo,Medio bajo,Medio bajo
05031,ANTIOQUIA,AMALFI,0.03413,0.02364,0.01153,Alto,Medio,Medio bajo
05034,ANTIOQUIA,ANDES,0.01690,0.01311,0.01167,Medio bajo,Medio bajo,Medio bajo
05036,ANTIOQUIA,ANGELOPOLIS,0.01216,0.01564,0.01873,Medio bajo,Medio bajo,Medio bajo
05038,ANTIOQUIA,ANGOSTURA,0.04690,0.04912,0.02214,Alto,Alto,Medio
05040,ANTIOQUIA,ANORI,0.17211,0.11405,0.05371,Muy alto,Muy alto,Alto
05042,ANTIOQUIA,SANTA FE ANTIOQUIA,0.01557,0.01355,0.02089,Medio bajo,Medio bajo,Medio
05044,ANTIOQUIA,ANZA,0.00047,0.00746,0.02441,Bajo,Medio bajo,Medio
05045,ANTIOQUIA,APARTADO,0.01569,0.00952,0.00835,Medio bajo,Medio bajo,Medio bajo
05051,ANTIOQUIA,ARBOLETES,0.00738,0.00469,0.00709,Medio bajo,Bajo,Medio bajo
05055,ANTIOQUIA,ARGELIA,0.01379,0.01566,0.00795,Medio bajo,Medio bajo,Medio bajo
05059,ANTIOQUIA,ARMENIA,0.00500,0.01273,0.02535,Bajo,Medio bajo,Medio
05079,ANTIOQUIA,BARBOSA,0.02259,0.02035,0.00533,Medio,Medio,Bajo
05086,ANTIOQUIA,BELMIRA,0.02202,0.00151,0.02248,Medio,Bajo,Medio
05088,ANTIOQUIA,BELLO,0.00523,0.00554,0.00524,Bajo,Bajo,Bajo
05091,ANTIOQUIA,BETANIA,0.02794,0.03621,0.03129,Medio,Alto,Medio
05093,ANTIOQUIA,BETULIA,0.01766,0.01619,0.01586,Medio bajo,Medio bajo,Medio bajo
05101,ANTIOQUIA,CIUDAD BOLIVAR,0.02050,0.03021,0.02262,Medio,Medio,Medio
05107,ANTIOQUIA,BRICEÑO,0.14955,0.18164,0.11540,Muy alto,Muy alto,Muy alto
05113,ANTIOQUIA,BURITICA,0.02924,0.01161,0.01877,Medio,Medio bajo,Medio bajo
05120,ANTIOQUIA,CACERES,0.07310,0.04816,0.05492,Muy alto,Alto,Alto
05125,ANTIOQUIA,CAICEDO,0.00560,0.00621,0.01247,Bajo,Bajo,Medio bajo
05129,ANTIOQUIA,CALDAS,0.00586,0.00766,0.00639,Bajo,Medio bajo,Bajo
05134,ANTIOQUIA,CAMPAMENTO,0.07303,0.05856,0.02251,Muy alto,Muy alto,Medio
05138,ANTIOQUIA,CAÑASGORDAS,0.00542,0.00566,0.00795,Bajo,Bajo,Medio bajo
05142,ANTIOQUIA,CARACOLI,0.00076,0.00072,0.00476,Bajo,Bajo,Bajo
05145,ANTIOQUIA,CARAMANTA,0.00409,0.00756,0.00033,Bajo,Medio bajo,Bajo
05147,ANTIOQUIA,CAREPA,0.01184,0.00975,0.01072,Medio bajo,Medio bajo,Medio bajo
05148,ANTIOQUIA,EL CARMEN DE VIBORAL,0.00643,0.00854,0.00419,Bajo,Medio bajo,Bajo
05150,ANTIOQUIA,CAROLINA,0.00516,0.00552,0.01005,Bajo,Bajo,Medio bajo
05154,ANTIOQUIA,CAUCASIA,0.01734,0.01353,0.01096,Medio bajo,Medio bajo,Medio bajo
05172,ANTIOQUIA,CHIGORODO,0.01350,0.01031,0.01169,Medio bajo,Medio bajo,Medio bajo
05190,ANTIOQUIA,CISNEROS,0.01837,0.01826,0.01252,Medio bajo,Medio bajo,Medio bajo
05197,ANTIOQUIA,COCORNA,0.02350,0.01000,0.01293,Medio,Medio bajo,Medio bajo
05206,ANTIOQUIA,CONCEPCION,0.00847,0.00025,0.00475,Medio bajo,Bajo,Bajo
05209,ANTIOQUIA,CONCORDIA,0.01254,0.00793,0.01368,Medio bajo,Medio bajo,Medio bajo
05212,ANTIOQUIA,COPACABANA,0.00947,0.00823,0.00941,Medio bajo,Medio bajo,Medio bajo
05234,ANTIOQUIA,DABEIBA,0.02631,0.01432,0.01256,Medio,Medio bajo,Medio bajo
05237,ANTIOQUIA,DON MATIAS,0.00390,0.00613,0.01123,Bajo,Bajo,Medio bajo
05240,ANTIOQUIA,EBEJICO,0.01446,0.00388,0.01109,Medio bajo,Bajo,Medio bajo
05250,ANTIOQUIA,EL BAGRE,0.04096,0.03620,0.04118,Alto,Alto,Alto
05264,ANTIOQUIA,ENTRERRIOS,0.01683,0.00823,0.01851,Medio bajo,Medio bajo,Medio bajo
05266,ANTIOQUIA,ENVIGADO,0.00250,0.00188,0.00178,Bajo,Bajo,Bajo
05282,ANTIOQUIA,FREDONIA,0.00845,0.01260,0.01511,Medio bajo,Medio bajo,Medio bajo
05284,ANTIOQUIA,FRONTINO,0.01444,0.00883,0.00950,Medio bajo,Medio bajo,Medio bajo
05306,ANTIOQUIA,GIRALDO,0.02944,0.01325,0.01349,Medio,Medio bajo,Medio bajo
05308,ANTIOQUIA,GIRARDOTA,0.00838,0.00943,0.00391,Medio bajo,Medio bajo,Bajo
05310,ANTIOQUIA,GOMEZ PLATA,0.00091,0.01901,0.00265,Bajo,Medio bajo,Bajo
05313,ANTIOQUIA,GRANADA,0.02807,0.02519,0.00769,Medio,Medio,Medio bajo
05315,ANTIOQUIA,GUADALUPE,0.06665,0.02312,0.00147,Muy alto,Medio,Bajo
05318,ANTIOQUIA,GUARNE,0.00786,0.00403,0.00474,Medio bajo,Bajo,Bajo
05321,ANTIOQUIA,GUATAPE,0.00606,0.00846,0.01584,Bajo,Medio bajo,Medio bajo
05347,ANTIOQUIA,HELICONIA,0.03257,0.00418,0.01515,Alto,Bajo,Medio bajo
05353,ANTIOQUIA,HISPANIA,0.01217,0.00420,0.00387,Medio bajo,Bajo,Bajo
05360,ANTIOQUIA,ITAGUI,0.00328,0.00307,0.00378,Bajo,Bajo,Bajo
05361,ANTIOQUIA,ITUANGO,0.07749,0.03594,0.02059,Muy alto,Alto,Medio
05364,ANTIOQUIA,JARDIN,0.00390,0.00923,0.00466,Bajo,Medio bajo,Bajo
05368,ANTIOQUIA,JERICO,0.00147,0.00738,0.00312,Bajo,Medio bajo,Bajo
05376,ANTIOQUIA,LA CEJA,0.00435,0.00643,0.00428,Bajo,Bajo,Bajo
05380,ANTIOQUIA,LA ESTRELLA,0.00642,0.00418,0.00388,Bajo,Bajo,Bajo
05390,ANTIOQUIA,LA PINTADA,0.01950,0.00587,0.02673,Medio,Bajo,Medio
05400,ANTIOQUIA,LA UNION,0.01079,0.00221,0.00221,Medio bajo,Bajo,Bajo
05411,ANTIOQUIA,LIBORINA,0.00267,0.00084,0.00480,Bajo,Bajo,Bajo
05425,ANTIOQUIA,MACEO,0.01151,0.03306,0.00602,Medio bajo,Alto,Bajo
05440,ANTIOQUIA,MARINILLA,0.00351,0.00720,0.00521,Bajo,Medio bajo,Bajo
05467,ANTIOQUIA,MONTEBELLO,0.00109,0.00607,0.00906,Bajo,Bajo,Medio bajo
05475,ANTIOQUIA,MURINDO,0.02737,0.00133,0.01382,Medio,Bajo,Medio bajo
05480,ANTIOQUIA,MUTATA,0.02214,0.02282,0.02289,Medio,Medio,Medio
05483,ANTIOQUIA,NARIÑO,0.03623,0.01996,0.00670,Alto,Medio,Medio bajo
05490,ANTIOQUIA,NECOCLI,0.00637,0.01523,0.00410,Bajo,Medio bajo,Bajo
05495,ANTIOQUIA,NECHI,0.01366,0.01859,0.01620,Medio bajo,Medio bajo,Medio bajo
05501,ANTIOQUIA,OLAYA,0.01439,0.02111,0.02093,Medio bajo,Medio,Medio
05541,ANTIOQUIA,PEÑOL,0.01352,0.00332,0.01809,Medio bajo,Bajo,Medio bajo
05543,ANTIOQUIA,PEQUE,0.01320,0.01205,0.00311,Medio bajo,Medio bajo,Bajo
05576,ANTIOQUIA,PUEBLORRICO,0.00280,0.01015,0.02176,Bajo,Medio bajo,Medio
05579,ANTIOQUIA,PUERTO BERRIO,0.02561,0.01280,0.01786,Medio,Medio bajo,Medio bajo
05585,ANTIOQUIA,PUERTO NARE,0.00399,0.00492,0.00673,Bajo,Bajo,Medio bajo
05591,ANTIOQUIA,PUERTO TRIUNFO,0.00610,0.00817,0.00676,Bajo,Medio bajo,Medio bajo
05604,ANTIOQUIA,REMEDIOS,0.01928,0.03193,0.01808,Medio,Alto,Medio bajo
05607,ANTIOQUIA,RETIRO,0.00199,0.00193,0.00291,Bajo,Bajo,Bajo
05615,ANTIOQUIA,RIONEGRO,0.01107,0.00894,0.00684,Medio bajo,Medio bajo,Medio bajo
05628,ANTIOQUIA,SABANALARGA,0.02092,0.00803,0.01591,Medio,Medio bajo,Medio bajo
05631,ANTIOQUIA,SABANETA,0.00275,0.00372,0.00220,Bajo,Bajo,Bajo
05642,ANTIOQUIA,SALGAR,0.02280,0.03662,0.01710,Medio,Alto,Medio bajo
05647,ANTIOQUIA,SAN ANDRES DE CUERQUIA,0.08087,0.06162,0.02223,Muy alto,Muy alto,Medio
05649,ANTIOQUIA,SAN CARLOS,0.01317,0.01036,0.01846,Medio bajo,Medio bajo,Medio bajo
05652,ANTIOQUIA,SAN FRANCISCO,0.01481,0.02393,0.00872,Medio bajo,Medio,Medio bajo
05656,ANTIOQUIA,SAN JERONIMO,0.01323,0.01020,0.01976,Medio bajo,Medio bajo,Medio
05658,ANTIOQUIA,SAN JOSE DE LA MONTAÑA,0.00051,0.00014,0.00007,Bajo,Bajo,Bajo
05659,ANTIOQUIA,SAN JUAN DE URABA,0.00762,0.00147,0.00477,Medio bajo,Bajo,Bajo
05660,ANTIOQUIA,SAN LUIS,0.01427,0.01255,0.00899,Medio bajo,Medio bajo,Medio bajo
05664,ANTIOQUIA,SAN PEDRO,0.01094,0.00713,0.01178,Medio bajo,Medio bajo,Medio bajo
05665,ANTIOQUIA,SAN PEDRO DE URABA,0.00449,0.00546,0.00552,Bajo,Bajo,Bajo
05667,ANTIOQUIA,SAN RAFAEL,0.00554,0.01346,0.00549,Bajo,Medio bajo,Bajo
05670,ANTIOQUIA,SAN ROQUE,0.00686,0.00887,0.00437,Medio bajo,Medio bajo,Bajo
05674,ANTIOQUIA,SAN VICENTE,0.00356,0.01251,0.00698,Bajo,Medio bajo,Medio bajo
05679,ANTIOQUIA,SANTA BARBARA,0.00578,0.01317,0.00831,Bajo,Medio bajo,Medio bajo
05686,ANTIOQUIA,SANTA ROSA DE OSOS,0.00946,0.01417,0.00409,Medio bajo,Medio bajo,Bajo
05690,ANTIOQUIA,SANTO DOMINGO,0.01300,0.00765,0.00531,Medio bajo,Medio bajo,Bajo
05697,ANTIOQUIA,EL SANTUARIO,0.00146,0.00379,0.00195,Bajo,Bajo,Bajo
05736,ANTIOQUIA,SEGOVIA,0.03952,0.05002,0.04532,Alto,Alto,Alto
05756,ANTIOQUIA,SONSON,0.01274,0.01089,0.00651,Medio bajo,Medio bajo,Medio bajo
05761,ANTIOQUIA,SOPETRAN,0.02094,0.00905,0.02781,Medio,Medio bajo,Medio
05789,ANTIOQUIA,TAMESIS,0.00953,0.00277,0.00388,Medio bajo,Bajo,Bajo
05790,ANTIOQUIA,TARAZA,0.12954,0.09063,0.08668,Muy alto,Muy alto,Muy alto
05792,ANTIOQUIA,TARSO,0.01406,0.01875,0.01397,Medio bajo,Medio bajo,Medio bajo
05809,ANTIOQUIA,TITIRIBI,0.01515,0.00802,0.00589,Medio bajo,Medio bajo,Bajo
05819,ANTIOQUIA,TOLEDO,0.18426,0.06794,0.01652,Muy alto,Muy alto,Medio bajo
05837,ANTIOQUIA,TURBO,0.01176,0.01575,0.02123,Medio bajo,Medio bajo,Medio
05842,ANTIOQUIA,URAMITA,0.00810,0.00629,0.01044,Medio bajo,Bajo,Medio bajo
05847,ANTIOQUIA,URRAO,0.01749,0.02584,0.01750,Medio bajo,Medio,Medio bajo
05854,ANTIOQUIA,VALDIVIA,0.08894,0.08931,0.10219,Muy alto,Muy alto,Muy alto
05856,ANTIOQUIA,VALPARAISO,0.01844,0.00318,0.01327,Medio bajo,Bajo,Medio bajo
05858,ANTIOQUIA,VEGACHI,0.00850,0.01400,0.00959,Medio bajo,Medio bajo,Medio bajo
05861,ANTIOQUIA,VENECIA,0.00591,0.00947,0.01642,Bajo,Medio bajo,Medio bajo
05873,ANTIOQUIA,VIGIA DEL FUERTE,0.05303,0.00830,0.00424,Alto,Medio bajo,Bajo
05885,ANTIOQUIA,YALI,0.02777,0.00757,0.00975,Medio,Medio bajo,Medio bajo
05887,ANTIOQUIA,YARUMAL,0.03257,0.03433,0.02228,Alto,Alto,Medio
05890,ANTIOQUIA,YOLOMBO,0.01406,0.01343,0.00501,Medio bajo,Medio bajo,Bajo
05893,ANTIOQUIA,YONDO,0.01856,0.03673,0.01259,Medio bajo,Alto,Medio bajo
05895,ANTIOQUIA,ZARAGOZA,0.04548,0.05053,0.04431,Alto,Alto,Alto
08001,ATLÁNTICO,BARRANQUILLA,0.00586,0.00741,0.00682,Bajo,Medio bajo,Medio bajo
08078,ATLÁNTICO,BARANOA,0.00439,0.00325,0.00177,Bajo,Bajo,Bajo
08137,ATLÁNTICO,CAMPO DE LA CRUZ,0.00107,0.00192,0.00000,Bajo,Bajo,Bajo
08141,ATLÁNTICO,CANDELARIA,0.00296,0.00000,0.00138,Bajo,Bajo,Bajo
08296,ATLÁNTICO,GALAPA,0.00186,0.00387,0.00496,Bajo,Bajo,Bajo
08372,ATLÁNTICO,JUAN DE ACOSTA,0.00000,0.00110,0.00224,Bajo,Bajo,Bajo
08421,ATLÁNTICO,LURUACO,0.00428,0.00571,0.00396,Bajo,Bajo,Bajo
08433,ATLÁNTICO,MALAMBO,0.00254,0.00173,0.00324,Bajo,Bajo,Bajo
08436,ATLÁNTICO,MANATI,0.00240,0.00124,0.00112,Bajo,Bajo,Bajo
08520,ATLÁNTICO,PALMAR DE VARELA,0.00234,0.00237,0.00075,Bajo,Bajo,Bajo
08549,ATLÁNTICO,PIOJO,0.00414,0.00004,0.00000,Bajo,Bajo,Bajo
08558,ATLÁNTICO,POLONUEVO,0.00123,0.00000,0.00004,Bajo,Bajo,Bajo
08560,ATLÁNTICO,PONEDERA,0.00094,0.00004,0.00187,Bajo,Bajo,Bajo
08573,ATLÁNTICO,PUERTO COLOMBIA,0.00257,0.00111,0.00001,Bajo,Bajo,Bajo
08606,ATLÁNTICO,REPELON,0.00263,0.00177,0.00165,Bajo,Bajo,Bajo
08634,ATLÁNTICO,SABANAGRANDE,0.00158,0.00229,0.00079,Bajo,Bajo,Bajo
08638,ATLÁNTICO,SABANALARGA,0.00393,0.00334,0.00122,Bajo,Bajo,Bajo
08675,ATLÁNTICO,SANTA LUCIA,0.00015,0.00000,0.00000,Bajo,Bajo,Bajo
08685,ATLÁNTICO,SANTO TOMAS,0.00077,0.00152,0.00220,Bajo,Bajo,Bajo
08758,ATLÁNTICO,SOLEDAD,0.00444,0.00368,0.00447,Bajo,Bajo,Bajo
08770,ATLÁNTICO,SUAN,0.00220,0.00000,0.00183,Bajo,Bajo,Bajo
08832,ATLÁNTICO,TUBARA,0.00166,0.00146,0.00133,Bajo,Bajo,Bajo
08849,ATLÁNTICO,USIACURI,0.00000,0.00000,0.00178,Bajo,Bajo,Bajo
11001,BOGOTÁ_D.C.,"BOGOTA, D.C.",0.00455,0.00431,0.00413,Bajo,Bajo,Bajo
13001,BOLÍVAR,CARTAGENA,0.00696,0.00656,0.00578,Medio bajo,Medio bajo,Bajo
13006,BOLÍVAR,ACHI,0.02394,0.01497,0.01296,Medio,Medio bajo,Medio bajo
13030,BOLÍVAR,ALTOS DEL ROSARIO,0.00373,0.00189,0.00350,Bajo,Bajo,Bajo
13042,BOLÍVAR,ARENAL,0.03401,0.03779,0.01088,Alto,Alto,Medio bajo
13052,BOLÍVAR,ARJONA,0.00423,0.00293,0.00471,Bajo,Bajo,Bajo
13062,BOLÍVAR,ARROYOHONDO,0.00000,0.00250,0.00000,Bajo,Bajo,Bajo
13074,BOLÍVAR,BARRANCO DE LOBA,0.00523,0.00481,0.00818,Bajo,Bajo,Medio bajo
13140,BOLÍVAR,CALAMAR,0.00398,0.00123,0.00015,Bajo,Bajo,Bajo
13160,BOLÍVAR,CANTAGALLO,0.01802,0.01744,0.01761,Medio bajo,Medio bajo,Medio bajo
13188,BOLÍVAR,CICUCO,0.00529,0.00018,0.00324,Bajo,Bajo,Bajo
13212,BOLÍVAR,CORDOBA,0.00216,0.00174,0.00772,Bajo,Bajo,Medio bajo
13222,BOLÍVAR,CLEMENCIA,0.00183,0.00173,0.00452,Bajo,Bajo,Bajo
13244,BOLÍVAR,EL CARMEN DE BOLIVAR,0.00592,0.00192,0.00602,Bajo,Bajo,Bajo
13248,BOLÍVAR,EL GUAMO,0.00266,0.00043,0.00009,Bajo,Bajo,Bajo
13268,BOLÍVAR,EL PEÑON,0.00076,0.00081,0.00080,Bajo,Bajo,Bajo
13300,BOLÍVAR,HATILLO DE LOBA,0.00055,0.00202,0.00176,Bajo,Bajo,Bajo
13430,BOLÍVAR,MAGANGUE,0.00329,0.00277,0.00484,Bajo,Bajo,Bajo
13433,BOLÍVAR,MAHATES,0.00186,0.00331,0.00163,Bajo,Bajo,Bajo
13440,BOLÍVAR,MARGARITA,0.00307,0.00635,0.00014,Bajo,Bajo,Bajo
13442,BOLÍVAR,MARIA LA BAJA,0.00186,0.00307,0.00330,Bajo,Bajo,Bajo
13458,BOLÍVAR,MONTECRISTO,0.04793,0.03565,0.02504,Alto,Alto,Medio
13468,BOLÍVAR,MOMPOS,0.00135,0.00127,0.00158,Bajo,Bajo,Bajo
13473,BOLÍVAR,MORALES,0.01887,0.01898,0.00984,Medio bajo,Medio bajo,Medio bajo
13490,BOLÍVAR,NOROSI,0.07989,0.04189,0.01385,Muy alto,Alto,Medio bajo
13549,BOLÍVAR,PINILLOS,0.00313,0.00661,0.00782,Bajo,Medio bajo,Medio bajo
13580,BOLÍVAR,REGIDOR,0.00046,0.01638,0.00620,Bajo,Medio bajo,Bajo
13600,BOLÍVAR,RIO VIEJO,0.02411,0.00882,0.01428,Medio,Medio bajo,Medio bajo
13620,BOLÍVAR,SAN CRISTOBAL,0.00014,0.00030,0.00010,Bajo,Bajo,Bajo
13647,BOLÍVAR,SAN ESTANISLAO,0.00114,0.00131,0.00261,Bajo,Bajo,Bajo
13650,BOLÍVAR,SAN FERNANDO,0.00026,0.00015,0.00335,Bajo,Bajo,Bajo
13654,BOLÍVAR,SAN JACINTO,0.00064,0.00380,0.00287,Bajo,Bajo,Bajo
13655,BOLÍVAR,SAN JACINTO DEL CAUCA,0.00238,0.00638,0.00912,Bajo,Bajo,Medio bajo
13657,BOLÍVAR,SAN JUAN NEPOMUCENO,0.00031,0.00243,0.00114,Bajo,Bajo,Bajo
13667,BOLÍVAR,SAN MARTIN DE LOBA,0.00400,0.00467,0.00462,Bajo,Bajo,Bajo
13670,BOLÍVAR,SAN PABLO,0.02346,0.02911,0.03847,Medio,Medio,Alto
13673,BOLÍVAR,SANTA CATALINA,0.00151,0.00024,0.00431,Bajo,Bajo,Bajo
13683,BOLÍVAR,SANTA ROSA,0.00962,0.00797,0.00310,Medio bajo,Medio bajo,Bajo
13688,BOLÍVAR,SANTA ROSA DEL SUR,0.04197,0.02056,0.03431,Alto,Medio,Alto
13744,BOLÍVAR,SIMITI,0.01119,0.01706,0.01914,Medio bajo,Medio bajo,Medio
13760,BOLÍVAR,SOPLAVIENTO,0.00022,0.00000,0.00000,Bajo,Bajo,Bajo
13780,BOLÍVAR,TALAIGUA NUEVO,0.00174,0.00181,0.00006,Bajo,Bajo,Bajo
13810,BOLÍVAR,TIQUISIO,0.02683,0.01689,0.02104,Medio,Medio bajo,Medio
13836,BOLÍVAR,TURBACO,0.00524,0.00328,0.00371,Bajo,Bajo,Bajo
13838,BOLÍVAR,TURBANA,0.00747,0.00148,0.00285,Medio bajo,Bajo,Bajo
13873,BOLÍVAR,VILLANUEVA,0.00112,0.00107,0.00191,Bajo,Bajo,Bajo
13894,BOLÍVAR,ZAMBRANO,0.00040,0.01099,0.01578,Bajo,Medio bajo,Medio bajo
15001,BOYACÁ,TUNJA,0.00223,0.00169,0.00088,Bajo,Bajo,Bajo
15022,BOYACÁ,ALMEIDA,0.00000,0.00000,0.01030,Bajo,Bajo,Medio bajo
15047,BOYACÁ,AQUITANIA,0.00301,0.00540,0.00136,Bajo,Bajo,Bajo
15051,BOYACÁ,ARCABUCO,0.00000,0.00009,0.00000,Bajo,Bajo,Bajo
15087,BOYACÁ,BELEN,0.00026,0.00036,0.00000,Bajo,Bajo,Bajo
15090,BOYACÁ,BERBEO,0.00000,0.00057,0.00000,Bajo,Bajo,Bajo
15092,BOYACÁ,BETEITIVA,0.00000,0.00000,0.00000,Bajo,Bajo,Bajo
15097,BOYACÁ,BOAVITA,0.00330,0.00000,0.00004,Bajo,Bajo,Bajo
15104,BOYACÁ,BOYACA,0.00010,0.00005,0.00029,Bajo,Bajo,Bajo
15106,BOYACÁ,BRICEÑO,0.00120,0.00000,0.00000,Bajo,Bajo,Bajo
15109,BOYACÁ,BUENAVISTA,0.00000,0.00010,0.00000,Bajo,Bajo,Bajo
15114,BOYACÁ,BUSBANZA,0.00000,0.00000,0.00000,Bajo,Bajo,Bajo
15131,BOYACÁ,CALDAS,0.00000,0.00000,0.00000,Bajo,Bajo,Bajo
15135,BOYACÁ,CAMPOHERMOSO,0.00566,0.00582,0.00000,Bajo,Bajo,Bajo
15162,BOYACÁ,CERINZA,0.00018,0.00000,0.00529,Bajo,Bajo,Bajo
15172,BOYACÁ,CHINAVITA,0.00583,0.00000,0.00616,Bajo,Bajo,Bajo
15176,BOYACÁ,CHIQUINQUIRA,0.00046,0.00263,0.00113,Bajo,Bajo,Bajo
15180,BOYACÁ,CHISCAS,0.00432,0.00000,0.00502,Bajo,Bajo,Bajo
15183,BOYACÁ,CHITA,0.00471,0.00057,0.00466,Bajo,Bajo,Bajo
15185,BOYACÁ,CHITARAQUE,0.00340,0.00341,0.00375,Bajo,Bajo,Bajo
15187,BOYACÁ,CHIVATA,0.00000,0.00000,0.00000,Bajo,Bajo,Bajo
15189,BOYACÁ,CIENEGA,0.05462,0.00000,0.00000,Alto,Bajo,Bajo
15204,BOYACÁ,COMBITA,0.02435,0.00493,0.00653,Medio,Bajo,Medio bajo
15212,BOYACÁ,COPER,0.00520,0.00000,0.01088,Bajo,Bajo,Medio bajo
15215,BOYACÁ,CORRALES,0.00000,0.00000,0.00000,Bajo,Bajo,Bajo
15218,BOYACÁ,COVARACHIA,0.00000,0.00017,0.00708,Bajo,Bajo,Medio bajo
15223,BOYACÁ,CUBARA,0.06783,0.03842,0.03291,Muy alto,Alto,Alto
15224,BOYACÁ,CUCAITA,0.00026,0.00542,0.00000,Bajo,Bajo,Bajo
15226,BOYACÁ,CUITIVA,0.00000,0.00000,0.00000,Bajo,Bajo,Bajo
15232,BOYACÁ,CHIQUIZA,0.00834,0.00422,0.00000,Medio bajo,Bajo,Bajo
15236,BOYACÁ,CHIVOR,0.00077,0.00043,0.00000,Bajo,Bajo,Bajo
15238,BOYACÁ,DUITAMA,0.00346,0.00338,0.00071,Bajo,Bajo,Bajo
15244,BOYACÁ,EL COCUY,0.00037,0.00432,0.00433,Bajo,Bajo,Bajo
15248,BOYACÁ,EL ESPINO,0.00000,0.00007,0.00031,Bajo,Bajo,Bajo
15272,BOYACÁ,FIRAVITOBA,0.00324,0.00000,0.00000,Bajo,Bajo,Bajo
15276,BOYACÁ,FLORESTA,0.00000,0.00000,0.00007,Bajo,Bajo,Bajo
15293,BOYACÁ,GACHANTIVA,0.00000,0.00000,0.00717,Bajo,Bajo,Medio bajo
15296,BOYACÁ,GAMEZA,0.00000,0.00421,0.00000,Bajo,Bajo,Bajo
15299,BOYACÁ,GARAGOA,0.00000,0.00006,0.00000,Bajo,Bajo,Bajo
15317,BOYACÁ,GUACAMAYAS,0.00099,0.00000,0.00051,Bajo,Bajo,Bajo
15322,BOYACÁ,GUATEQUE,0.00000,0.00000,0.00000,Bajo,Bajo,Bajo
15325,BOYACÁ,GUAYATA,0.00411,0.00000,0.00000,Bajo,Bajo,Bajo
15332,BOYACÁ,GUICAN,0.00000,0.06215,0.00432,Bajo,Muy alto,Bajo
15362,BOYACÁ,IZA,0.00000,0.00000,0.00000,Bajo,Bajo,Bajo
15367,BOYACÁ,JENESANO,0.01860,0.00000,0.00000,Medio bajo,Bajo,Bajo
15368,BOYACÁ,JERICO,0.00042,0.00049,0.00017,Bajo,Bajo,Bajo
15377,BOYACÁ,LABRANZAGRANDE,0.02413,0.03737,0.00660,Medio,Alto,Medio bajo
15380,BOYACÁ,LA CAPILLA,0.00000,0.00000,0.00000,Bajo,Bajo,Bajo
15401,BOYACÁ,LA VICTORIA,0.00000,0.00000,0.00000,Bajo,Bajo,Bajo
15403,BOYACÁ,LA UVITA,0.00657,0.00000,0.00008,Medio bajo,Bajo,Bajo
15407,BOYACÁ,VILLA DE LEYVA,0.00175,0.00000,0.00000,Bajo,Bajo,Bajo
15425,BOYACÁ,MACANAL,0.00459,0.00000,0.00000,Bajo,Bajo,Bajo
15442,BOYACÁ,MARIPI,0.00626,0.00929,0.00020,Bajo,Medio bajo,Bajo
15455,BOYACÁ,MIRAFLORES,0.00011,0.00451,0.00230,Bajo,Bajo,Bajo
15464,BOYACÁ,MONGUA,0.00826,0.00000,0.00063,Medio bajo,Bajo,Bajo
15466,BOYACÁ,MONGUI,0.00000,0.00434,0.00478,Bajo,Bajo,Bajo
15469,BOYACÁ,MONIQUIRA,0.00093,0.00278,0.00869,Bajo,Bajo,Medio bajo
15476,BOYACÁ,MOTAVITA,0.00000,0.00392,0.00000,Bajo,Bajo,Bajo
15480,BOYACÁ,MUZO,0.00474,0.00671,0.00736,Bajo,Medio bajo,Medio bajo
15491,BOYACÁ,NOBSA,0.00151,0.00000,0.00000,Bajo,Bajo,Bajo
15494,BOYACÁ,NUEVO COLON,0.00000,0.00000,0.00393,Bajo,Bajo,Bajo
15500,BOYACÁ,OICATA,0.00000,0.00748,0.00000,Bajo,Medio bajo,Bajo
15507,BOYACÁ,OTANCHE,0.00343,0.00294,0.00060,Bajo,Bajo,Bajo
15511,BOYACÁ,PACHAVITA,0.00000,0.00009,0.00000,Bajo,Bajo,Bajo
15514,BOYACÁ,PAEZ,0.00000,0.00067,0.00000,Bajo,Bajo,Bajo
15516,BOYACÁ,PAIPA,0.00142,0.00135,0.00070,Bajo,Bajo,Bajo
15518,BOYACÁ,PAJARITO,0.06921,0.02880,0.02976,Muy alto,Medio,Medio
15522,BOYACÁ,PANQUEBA,0.07079,0.00000,0.01141,Muy alto,Bajo,Medio bajo
15531,BOYACÁ,PAUNA,0.00051,0.00578,0.00023,Bajo,Bajo,Bajo
15533,BOYACÁ,PAYA,0.00090,0.00119,0.00325,Bajo,Bajo,Bajo
15537,BOYACÁ,PAZ DE RIO,0.00000,0.00000,0.00000,Bajo,Bajo,Bajo
15542,BOYACÁ,PESCA,0.00000,0.00009,0.00266,Bajo,Bajo,Bajo
15550,BOYACÁ,PISBA,0.04574,0.00165,0.02323,Alto,Bajo,Medio
15572,BOYACÁ,PUERTO BOYACA,0.00983,0.00494,0.01209,Medio bajo,Bajo,Medio bajo
15580,BOYACÁ,QUIPAMA,0.01234,0.01261,0.01285,Medio bajo,Medio bajo,Medio bajo
15599,BOYACÁ,RAMIRIQUI,0.00668,0.00214,0.00000,Medio bajo,Bajo,Bajo
15600,BOYACÁ,RAQUIRA,0.00216,0.00000,0.00242,Bajo,Bajo,Bajo
15621,BOYACÁ,RONDON,0.00043,0.00000,0.00000,Bajo,Bajo,Bajo
15632,BOYACÁ,SABOYA,0.00008,0.00163,0.00159,Bajo,Bajo,Bajo
15638,BOYACÁ,SACHICA,0.00000,0.00000,0.00424,Bajo,Bajo,Bajo
15646,BOYACÁ,SAMACA,0.01281,0.00113,0.00113,Medio bajo,Bajo,Bajo
15660,BOYACÁ,SAN EDUARDO,0.00000,0.00028,0.00000,Bajo,Bajo,Bajo
15664,BOYACÁ,SAN JOSE DE PARE,0.00778,0.00000,0.00402,Medio bajo,Bajo,Bajo
15667,BOYACÁ,SAN LUIS DE GACENO,0.00694,0.00000,0.00000,Medio bajo,Bajo,Bajo
15673,BOYACÁ,SAN MATEO,0.00017,0.00000,0.00050,Bajo,Bajo,Bajo
15676,BOYACÁ,SAN MIGUEL DE SEMA,0.00000,0.00000,0.00667,Bajo,Bajo,Medio bajo
15681,BOYACÁ,SAN PABLO DE BORBUR,0.00021,0.00918,0.00004,Bajo,Medio bajo,Bajo
15686,BOYACÁ,SANTANA,0.00554,0.00546,0.00568,Bajo,Bajo,Bajo
15690,BOYACÁ,SANTA MARIA,0.00000,0.00035,0.00556,Bajo,Bajo,Bajo
15693,BOYACÁ,SANTA ROSA DE VITERBO,0.00178,0.00330,0.00008,Bajo,Bajo,Bajo
15696,BOYACÁ,SANTA SOFIA,0.00000,0.00016,0.00647,Bajo,Bajo,Bajo
15720,BOYACÁ,SATIVANORTE,0.00000,0.00097,0.00041,Bajo,Bajo,Bajo
15723,BOYACÁ,SATIVASUR,0.00065,0.00000,0.00000,Bajo,Bajo,Bajo
15740,BOYACÁ,SIACHOQUE,0.00000,0.00000,0.00036,Bajo,Bajo,Bajo
15753,BOYACÁ,SOATA,0.00005,0.00252,0.00226,Bajo,Bajo,Bajo
15755,BOYACÁ,SOCOTA,0.00281,0.00329,0.00055,Bajo,Bajo,Bajo
15757,BOYACÁ,SOCHA,0.00280,0.00013,0.00038,Bajo,Bajo,Bajo
15759,BOYACÁ,SOGAMOSO,0.00297,0.00201,0.00202,Bajo,Bajo,Bajo
15761,BOYACÁ,SOMONDOCO,0.00000,0.00000,0.00008,Bajo,Bajo,Bajo
15762,BOYACÁ,SORA,0.00000,0.00000,0.00000,Bajo,Bajo,Bajo
15763,BOYACÁ,SOTAQUIRA,0.00000,0.00000,0.00006,Bajo,Bajo,Bajo
15764,BOYACÁ,SORACA,0.00338,0.00000,0.00000,Bajo,Bajo,Bajo
15774,BOYACÁ,SUSACON,0.00016,0.00034,0.00748,Bajo,Bajo,Medio bajo
15776,BOYACÁ,SUTAMARCHAN,0.00000,0.00000,0.00341,Bajo,Bajo,Bajo
15778,BOYACÁ,SUTATENZA,0.00000,0.00000,0.00492,Bajo,Bajo,Bajo
15790,BOYACÁ,TASCO,0.00329,0.00682,0.00000,Bajo,Medio bajo,Bajo
15798,BOYACÁ,TENZA,0.00000,0.00000,0.00000,Bajo,Bajo,Bajo
15804,BOYACÁ,TIBANA,0.00000,0.00000,0.00454,Bajo,Bajo,Bajo
15806,BOYACÁ,TIBASOSA,0.00000,0.00000,0.00002,Bajo,Bajo,Bajo
15808,BOYACÁ,TINJACA,0.00000,0.00000,0.00000,Bajo,Bajo,Bajo
15810,BOYACÁ,TIPACOQUE,0.00000,0.00014,0.00598,Bajo,Bajo,Bajo
15814,BOYACÁ,TOCA,0.00228,0.00008,0.00000,Bajo,Bajo,Bajo
15816,BOYACÁ,TOGUI,0.00016,0.00000,0.00000,Bajo,Bajo,Bajo
15820,BOYACÁ,TOPAGA,0.00015,0.00000,0.00593,Bajo,Bajo,Bajo
15822,BOYACÁ,TOTA,0.00000,0.00000,0.00000,Bajo,Bajo,Bajo
15832,BOYACÁ,TUNUNGUA,0.00000,0.00000,0.00000,Bajo,Bajo,Bajo
15835,BOYACÁ,TURMEQUE,0.00000,0.00325,0.00000,Bajo,Bajo,Bajo
15837,BOYACÁ,TUTA,0.00733,0.00000,0.00000,Medio bajo,Bajo,Bajo
15839,BOYACÁ,TUTAZA,0.00975,0.00093,0.00000,Medio bajo,Bajo,Bajo
15842,BOYACÁ,UMBITA,0.00009,0.00262,0.01068,Bajo,Bajo,Medio bajo
15861,BOYACÁ,VENTAQUEMADA,0.00145,0.00000,0.00138,Bajo,Bajo,Bajo
15879,BOYACÁ,VIRACACHA,0.00000,0.00000,0.00693,Bajo,Bajo,Medio bajo
15897,BOYACÁ,ZETAQUIRA,0.00020,0.00015,0.01309,Bajo,Bajo,Medio bajo
17001,CALDAS,MANIZALES,0.00514,0.00428,0.00410,Bajo,Bajo,Bajo
17013,CALDAS,AGUADAS,0.00765,0.00482,0.00466,Medio bajo,Bajo,Bajo
17042,CALDAS,ANSERMA,0.00845,0.01141,0.00518,Medio bajo,Medio bajo,Bajo
17050,CALDAS,ARANZAZU,0.00178,0.00356,0.00011,Bajo,Bajo,Bajo
17088,CALDAS,BELALCAZAR,0.01257,0.01417,0.01223,Medio bajo,Medio bajo,Medio bajo
17174,CALDAS,CHINCHINA,0.01938,0.00747,0.01185,Medio,Medio bajo,Medio bajo
17272,CALDAS,FILADELFIA,0.00431,0.00032,0.00382,Bajo,Bajo,Bajo
17380,CALDAS,LA DORADA,0.00861,0.00691,0.00594,Medio bajo,Medio bajo,Bajo
17388,CALDAS,LA MERCED,0.00374,0.00357,0.00012,Bajo,Bajo,Bajo
17433,CALDAS,MANZANARES,0.00132,0.00558,0.00568,Bajo,Bajo,Bajo
17442,CALDAS,MARMATO,0.01407,0.00521,0.00814,Medio bajo,Bajo,Medio bajo
17444,CALDAS,MARQUETALIA,0.00239,0.00526,0.00811,Bajo,Bajo,Medio bajo
17446,CALDAS,MARULANDA,0.00043,0.00018,0.00037,Bajo,Bajo,Bajo
17486,CALDAS,NEIRA,0.00470,0.00657,0.00394,Bajo,Medio bajo,Bajo
17495,CALDAS,NORCASIA,0.00493,0.00433,0.00050,Bajo,Bajo,Bajo
17513,CALDAS,PACORA,0.00555,0.00820,0.00820,Bajo,Medio bajo,Medio bajo
17524,CALDAS,PALESTINA,0.02060,0.00810,0.01080,Medio,Medio bajo,Medio bajo
17541,CALDAS,PENSILVANIA,0.00304,0.00523,0.00319,Bajo,Bajo,Bajo
17614,CALDAS,RIOSUCIO,0.00494,0.00180,0.00431,Bajo,Bajo,Bajo
17616,CALDAS,RISARALDA,0.01221,0.00619,0.00410,Medio bajo,Bajo,Bajo
17653,CALDAS,SALAMINA,0.00228,0.00227,0.00021,Bajo,Bajo,Bajo
17662,CALDAS,SAMANA,0.01441,0.03027,0.01067,Medio bajo,Medio,Medio bajo
17665,CALDAS,SAN JOSE,0.00523,0.00015,0.00450,Bajo,Bajo,Bajo
17777,CALDAS,SUPIA,0.00859,0.00675,0.00639,Medio bajo,Medio bajo,Bajo
17867,CALDAS,VICTORIA,0.00480,0.00516,0.00453,Bajo,Bajo,Bajo
17873,CALDAS,VILLAMARIA,0.00293,0.00172,0.00621,Bajo,Bajo,Bajo
17877,CALDAS,VITERBO,0.00047,0.00186,0.00338,Bajo,Bajo,Bajo
18001,CAQUETÁ,FLORENCIA,0.01644,0.01619,0.01196,Medio bajo,Medio bajo,Medio bajo
18029,CAQUETÁ,ALBANIA,0.01167,0.01487,0.01247,Medio bajo,Medio bajo,Medio bajo
18094,CAQUETÁ,BELEN DE LOS ANDAQUIES,0.03871,0.03437,0.01100,Alto,Alto,Medio bajo
18150,CAQUETÁ,CARTAGENA DEL CHAIRA,0.09771,0.08129,0.04661,Muy alto,Muy alto,Alto
18205,CAQUETÁ,CURILLO,0.04885,0.04109,0.01832,Alto,Alto,Medio bajo
18247,CAQUETÁ,EL DONCELLO,0.04796,0.03676,0.02185,Alto,Alto,Medio
18256,CAQUETÁ,EL PAUJIL,0.03597,0.05842,0.02635,Alto,Muy alto,Medio
18410,CAQUETÁ,LA MONTAÑITA,0.27460,0.16467,0.12798,Muy alto,Muy alto,Muy alto
18460,CAQUETÁ,MILAN,0.08124,0.06386,0.03349,Muy alto,Muy alto,Alto
18479,CAQUETÁ,MORELIA,0.00959,0.01015,0.00237,Medio bajo,Medio bajo,Bajo
18592,CAQUETÁ,PUERTO RICO,0.10056,0.08086,0.04261,Muy alto,Muy alto,Alto
18610,CAQUETÁ,SAN JOSE DEL FRAGUA,0.07500,0.06127,0.03746,Muy alto,Muy alto,Alto
18753,CAQUETÁ,SAN VICENTE DEL CAGUAN,0.11694,0.08158,0.06032,Muy alto,Muy alto,Muy alto
18756,CAQUETÁ,SOLANO,0.10455,0.08852,0.05770,Muy alto,Muy alto,Muy alto
18785,CAQUETÁ,SOLITA,0.05209,0.04188,0.01319,Alto,Alto,Medio bajo
18860,CAQUETÁ,VALPARAISO,0.03527,0.03220,0.01617,Alto,Alto,Medio bajo
19001,CAUCA,POPAYAN,0.00696,0.00756,0.00658,Medio bajo,Medio bajo,Medio bajo
19022,CAUCA,ALMAGUER,0.01535,0.00647,0.00533,Medio bajo,Bajo,Bajo
19050,CAUCA,ARGELIA,0.09704,0.08289,0.06172,Muy alto,Muy alto,Muy alto
19075,CAUCA,BALBOA,0.03266,0.02493,0.02348,Alto,Medio,Medio
19100,CAUCA,BOLIVAR,0.01407,0.01310,0.01184,Medio bajo,Medio bajo,Medio bajo
19110,CAUCA,BUENOS AIRES,0.03237,0.04659,0.01700,Alto,Alto,Medio bajo
19130,CAUCA,CAJIBIO,0.01028,0.01593,0.01084,Medio bajo,Medio bajo,Medio bajo
19137,CAUCA,CALDONO,0.02388,0.00677,0.00722,Medio,Medio bajo,Medio bajo
19142,CAUCA,CALOTO,0.02689,0.03598,0.01325,Medio,Alto,Medio bajo
19212,CAUCA,CORINTO,0.05274,0.09162,0.03844,Alto,Muy alto,Alto
19256,CAUCA,EL TAMBO,0.13665,0.13008,0.12095,Muy alto,Muy alto,Muy alto
19290,CAUCA,FLORENCIA,0.03011,0.01830,0.01052,Medio,Medio bajo,Medio bajo
19300,CAUCA,GUACHENE,0.01751,0.01421,0.00414,Medio bajo,Medio bajo,Bajo
19318,CAUCA,GUAPI,0.04779,0.05158,0.02006,Alto,Alto,Medio
19355,CAUCA,INZA,0.02681,0.00506,0.00367,Medio,Bajo,Bajo
19364,CAUCA,JAMBALO,0.03174,0.02580,0.00075,Alto,Medio,Bajo
19392,CAUCA,LA SIERRA,0.01235,0.01533,0.01701,Medio bajo,Medio bajo,Medio bajo
19397,CAUCA,LA VEGA,0.01313,0.00735,0.00618,Medio bajo,Medio bajo,Bajo
19418,CAUCA,LOPEZ,0.06969,0.07345,0.03645,Muy alto,Muy alto,Alto
19450,CAUCA,MERCADERES,0.04070,0.04839,0.02568,Alto,Alto,Medio
19455,CAUCA,MIRANDA,0.03276,0.02230,0.01374,Alto,Medio,Medio bajo
19473,CAUCA,MORALES,0.01295,0.02649,0.00796,Medio bajo,Medio,Medio bajo
19513,CAUCA,PADILLA,0.01565,0.00774,0.00687,Medio bajo,Medio bajo,Medio bajo
19517,CAUCA,PAEZ,0.01236,0.01394,0.00648,Medio bajo,Medio bajo,Medio bajo
19532,CAUCA,PATIA,0.03774,0.05894,0.01859,Alto,Muy alto,Medio bajo
19533,CAUCA,PIAMONTE,0.08040,0.07256,0.04895,Muy alto,Muy alto,Alto
19548,CAUCA,PIENDAMO,0.00993,0.01534,0.00601,Medio bajo,Medio bajo,Bajo
19573,CAUCA,PUERTO TEJADA,0.02193,0.02709,0.02566,Medio,Medio,Medio
19585,CAUCA,PURACE,0.00335,0.00209,0.03783,Bajo,Bajo,Alto
19622,CAUCA,ROSAS,0.01241,0.01500,0.01354,Medio bajo,Medio bajo,Medio bajo
19693,CAUCA,SAN SEBASTIAN,0.00660,0.01049,0.00363,Medio bajo,Medio bajo,Bajo
19698,CAUCA,SANTANDER DE QUILICHAO,0.02426,0.01946,0.01767,Medio,Medio,Medio bajo
19701,CAUCA,SANTA ROSA,0.02052,0.03007,0.00229,Medio,Medio,Bajo
19743,CAUCA,SILVIA,0.00696,0.00392,0.00312,Medio bajo,Bajo,Bajo
19760,CAUCA,SOTARA,0.00582,0.00640,0.03428,Bajo,Bajo,Alto
19780,CAUCA,SUAREZ,0.07387,0.06050,0.01654,Muy alto,Muy alto,Medio bajo
19785,CAUCA,SUCRE,0.05985,0.06210,0.01854,Muy alto,Muy alto,Medio bajo
19807,CAUCA,TIMBIO,0.01197,0.01253,0.00898,Medio bajo,Medio bajo,Medio bajo
19809,CAUCA,TIMBIQUI,0.04901,0.04823,0.03724,Alto,Alto,Alto
19821,CAUCA,TORIBIO,0.06309,0.01735,0.00296,Muy alto,Medio bajo,Bajo
19824,CAUCA,TOTORO,0.00463,0.00514,0.00313,Bajo,Bajo,Bajo
19845,CAUCA,VILLA RICA,0.02563,0.00930,0.01541,Medio,Medio bajo,Medio bajo
20001,CESAR,VALLEDUPAR,0.00451,0.00638,0.00333,Bajo,Bajo,Bajo
20011,CESAR,AGUACHICA,0.00727,0.00534,0.00565,Medio bajo,Bajo,Bajo
20013,CESAR,AGUSTIN CODAZZI,0.00768,0.00497,0.00766,Medio bajo,Bajo,Medio bajo
20032,CESAR,ASTREA,0.00362,0.00932,0.00570,Bajo,Medio bajo,Bajo
20045,CESAR,BECERRIL,0.00503,0.01160,0.00278,Bajo,Medio bajo,Bajo
20060,CESAR,BOSCONIA,0.00477,0.00510,0.00185,Bajo,Bajo,Bajo
20175,CESAR,CHIMICHAGUA,0.00627,0.00383,0.00281,Bajo,Bajo,Bajo
20178,CESAR,CHIRIGUANA,0.00672,0.00353,0.00786,Medio bajo,Bajo,Medio bajo
20228,CESAR,CURUMANI,0.01557,0.00552,0.00582,Medio bajo,Bajo,Bajo
20238,CESAR,EL COPEY,0.00099,0.00538,0.00234,Bajo,Bajo,Bajo
20250,CESAR,EL PASO,0.01062,0.01689,0.00390,Medio bajo,Medio bajo,Bajo
20295,CESAR,GAMARRRA,0.00043,0.00140,0.00305,Bajo,Bajo,Bajo
20310,CESAR,GONZALEZ,0.02113,0.00968,0.03362,Medio,Medio bajo,Alto
20383,CESAR,LA GLORIA,0.01889,0.00538,0.00729,Medio bajo,Bajo,Medio bajo
20400,CESAR,LA JAGUA DE IBIRICO,0.00761,0.00537,0.00298,Medio bajo,Bajo,Bajo
20443,CESAR,MANAURE,0.00603,0.00773,0.00495,Bajo,Medio bajo,Bajo
20517,CESAR,PAILITAS,0.01401,0.00296,0.01143,Medio bajo,Bajo,Medio bajo
20550,CESAR,PELAYA,0.01497,0.00911,0.01201,Medio bajo,Medio bajo,Medio bajo
20570,CESAR,PUEBLO BELLO,0.00131,0.00111,0.00351,Bajo,Bajo,Bajo
20614,CESAR,RIO DE ORO,0.00853,0.00295,0.01749,Medio bajo,Bajo,Medio bajo
20621,CESAR,LA PAZ,0.01297,0.01467,0.00635,Medio bajo,Medio bajo,Bajo
20710,CESAR,SAN ALBERTO,0.00602,0.00326,0.01483,Bajo,Bajo,Medio bajo
20750,CESAR,SAN DIEGO,0.02234,0.00456,0.00323,Medio,Bajo,Bajo
20770,CESAR,SAN MARTIN,0.00714,0.00724,0.00487,Medio bajo,Medio bajo,Bajo
20787,CESAR,TAMALAMEQUE,0.01320,0.00366,0.00563,Medio bajo,Bajo,Bajo
23001,CÓRDOBA,MONTERIA,0.00602,0.00445,0.00525,Bajo,Bajo,Bajo
23068,CÓRDOBA,AYAPEL,0.01155,0.00854,0.00747,Medio bajo,Medio bajo,Medio bajo
23079,CÓRDOBA,BUENAVISTA,0.00946,0.00998,0.01589,Medio bajo,Medio bajo,Medio bajo
23090,CÓRDOBA,CANALETE,0.00752,0.00582,0.00815,Medio bajo,Bajo,Medio bajo
23162,CÓRDOBA,CERETE,0.00303,0.00201,0.00536,Bajo,Bajo,Bajo
23168,CÓRDOBA,CHIMA,0.00010,0.00123,0.00138,Bajo,Bajo,Bajo
23182,CÓRDOBA,CHINU,0.00112,0.00315,0.00186,Bajo,Bajo,Bajo
23189,CÓRDOBA,CIENAGA DE ORO,0.00100,0.00272,0.00159,Bajo,Bajo,Bajo
23300,CÓRDOBA,COTORRA,0.00250,0.00135,0.00572,Bajo,Bajo,Bajo
23350,CÓRDOBA,LA APARTADA,0.00902,0.00970,0.00892,Medio bajo,Medio bajo,Medio bajo
23417,CÓRDOBA,LORICA,0.00299,0.00326,0.00399,Bajo,Bajo,Bajo
23419,CÓRDOBA,LOS CORDOBAS,0.00483,0.00373,0.00560,Bajo,Bajo,Bajo
23464,CÓRDOBA,MOMIL,0.00385,0.00128,0.00499,Bajo,Bajo,Bajo
23466,CÓRDOBA,MONTELIBANO,0.01768,0.01332,0.01817,Medio bajo,Medio bajo,Medio bajo
23500,CÓRDOBA,MOÑITOS,0.00207,0.00124,0.00231,Bajo,Bajo,Bajo
23555,CÓRDOBA,PLANETA RICA,0.00335,0.00481,0.00868,Bajo,Bajo,Medio bajo
23570,CÓRDOBA,PUEBLO NUEVO,0.00397,0.00293,0.00165,Bajo,Bajo,Bajo
23574,CÓRDOBA,PUERTO ESCONDIDO,0.00138,0.00210,0.00246,Bajo,Bajo,Bajo
23580,CÓRDOBA,PUERTO LIBERTADOR,0.04644,0.02427,0.02640,Alto,Medio,Medio
23586,CÓRDOBA,PURISIMA,0.00018,0.00516,0.00374,Bajo,Bajo,Bajo
23660,CÓRDOBA,SAHAGUN,0.00252,0.00403,0.00172,Bajo,Bajo,Bajo
23670,CÓRDOBA,SAN ANDRES SOTAVENTO,0.00165,0.00006,0.00055,Bajo,Bajo,Bajo
23672,CÓRDOBA,SAN ANTERO,0.00669,0.00496,0.00703,Medio bajo,Bajo,Medio bajo
23675,CÓRDOBA,SAN BERNARDO DEL VIENTO,0.00359,0.00200,0.00227,Bajo,Bajo,Bajo
23678,CÓRDOBA,SAN CARLOS,0.00198,0.00173,0.00013,Bajo,Bajo,Bajo
23682,CÓRDOBA,SAN JOSE DE URE,0.02297,0.01153,0.02413,Medio,Medio bajo,Medio
23686,CÓRDOBA,SAN PELAYO,0.00198,0.00169,0.00441,Bajo,Bajo,Bajo
23807,CÓRDOBA,TIERRALTA,0.03106,0.03917,0.03211,Medio,Alto,Alto
23815,CÓRDOBA,TUCHIN,0.00064,0.00057,0.00059,Bajo,Bajo,Bajo
23855,CÓRDOBA,VALENCIA,0.00671,0.00709,0.00779,Medio bajo,Medio bajo,Medio bajo
25001,CUNDINAMARCA,AGUA DE DIOS,0.00165,0.00165,0.00002,Bajo,Bajo,Bajo
25019,CUNDINAMARCA,ALBAN,0.00720,0.00000,0.00000,Medio bajo,Bajo,Bajo
25035,CUNDINAMARCA,ANAPOIMA,0.00006,0.00014,0.00017,Bajo,Bajo,Bajo
25040,CUNDINAMARCA,ANOLAIMA,0.00000,0.00432,0.00948,Bajo,Bajo,Medio bajo
25053,CUNDINAMARCA,ARBELAEZ,0.00030,0.00050,0.00009,Bajo,Bajo,Bajo
25086,CUNDINAMARCA,BELTRAN,0.00082,0.02386,0.00000,Bajo,Medio,Bajo
25095,CUNDINAMARCA,BITUIMA,0.00000,0.00869,0.00071,Bajo,Medio bajo,Bajo
25099,CUNDINAMARCA,BOJACA,0.00466,0.00682,0.00000,Bajo,Medio bajo,Bajo
25120,CUNDINAMARCA,CABRERA,0.04156,0.00701,0.00572,Alto,Medio bajo,Bajo
25123,CUNDINAMARCA,CACHIPAY,0.00214,0.00035,0.00211,Bajo,Bajo,Bajo
25126,CUNDINAMARCA,CAJICA,0.00072,0.00131,0.00146,Bajo,Bajo,Bajo
25148,CUNDINAMARCA,CAPARRAPI,0.00228,0.00393,0.00002,Bajo,Bajo,Bajo
25151,CUNDINAMARCA,CAQUEZA,0.00000,0.00468,0.00125,Bajo,Bajo,Bajo
25154,CUNDINAMARCA,CARMEN DE CARUPA,0.00242,0.00000,0.00000,Bajo,Bajo,Bajo
25168,CUNDINAMARCA,CHAGUANI,0.00042,0.00000,0.00499,Bajo,Bajo,Bajo
25175,CUNDINAMARCA,CHIA,0.00070,0.00120,0.00134,Bajo,Bajo,Bajo
25178,CUNDINAMARCA,CHIPAQUE,0.00008,0.00003,0.00000,Bajo,Bajo,Bajo
25181,CUNDINAMARCA,CHOACHI,0.00391,0.00194,0.00000,Bajo,Bajo,Bajo
25183,CUNDINAMARCA,CHOCONTA,0.00310,0.00106,0.00196,Bajo,Bajo,Bajo
25200,CUNDINAMARCA,COGUA,0.00202,0.00100,0.00099,Bajo,Bajo,Bajo
25214,CUNDINAMARCA,COTA,0.00252,0.00000,0.00002,Bajo,Bajo,Bajo
25224,CUNDINAMARCA,CUCUNUBA,0.00017,0.00296,0.00574,Bajo,Bajo,Bajo
25245,CUNDINAMARCA,EL COLEGIO,0.00304,0.00292,0.00276,Bajo,Bajo,Bajo
25258,CUNDINAMARCA,EL PEÑON,0.00000,0.00422,0.00010,Bajo,Bajo,Bajo
25260,CUNDINAMARCA,EL ROSAL,0.00372,0.00237,0.00214,Bajo,Bajo,Bajo
25269,CUNDINAMARCA,FACATATIVA,0.00304,0.00298,0.00242,Bajo,Bajo,Bajo
25279,CUNDINAMARCA,FOMEQUE,0.00195,0.01081,0.00008,Bajo,Medio bajo,Bajo
25281,CUNDINAMARCA,FOSCA,0.00000,0.00000,0.00000,Bajo,Bajo,Bajo
25286,CUNDINAMARCA,FUNZA,0.00409,0.00245,0.00166,Bajo,Bajo,Bajo
25288,CUNDINAMARCA,FUQUENE,0.00000,0.00000,0.00000,Bajo,Bajo,Bajo
25290,CUNDINAMARCA,FUSAGASUGA,0.00398,0.00846,0.00355,Bajo,Medio bajo,Bajo
25293,CUNDINAMARCA,GACHALA,0.00039,0.00038,0.00005,Bajo,Bajo,Bajo
25295,CUNDINAMARCA,GACHANCIPA,0.00457,0.00146,0.00000,Bajo,Bajo,Bajo
25297,CUNDINAMARCA,GACHETA,0.00004,0.00592,0.00425,Bajo,Bajo,Bajo
25299,CUNDINAMARCA,GAMA,0.00032,0.00000,0.00000,Bajo,Bajo,Bajo
25307,CUNDINAMARCA,GIRARDOT,0.00623,0.00925,0.00697,Bajo,Medio bajo,Medio bajo
25312,CUNDINAMARCA,GRANADA,0.00291,0.00581,0.00024,Bajo,Bajo,Bajo
25317,CUNDINAMARCA,GUACHETA,0.00010,0.00000,0.00000,Bajo,Bajo,Bajo
25320,CUNDINAMARCA,GUADUAS,0.00521,0.00090,0.00079,Bajo,Bajo,Bajo
25322,CUNDINAMARCA,GUASCA,0.00304,0.00003,0.00427,Bajo,Bajo,Bajo
25324,CUNDINAMARCA,GUATAQUI,0.00124,0.00000,0.00000,Bajo,Bajo,Bajo
25326,CUNDINAMARCA,GUATAVITA,0.00000,0.00350,0.01987,Bajo,Bajo,Medio
25328,CUNDINAMARCA,GUAYABAL DE SIQUIMA,0.00536,0.00000,0.00042,Bajo,Bajo,Bajo
25335,CUNDINAMARCA,GUAYABETAL,0.00379,0.00009,0.00385,Bajo,Bajo,Bajo
25339,CUNDINAMARCA,GUTIERREZ,0.03354,0.02460,0.00681,Alto,Medio,Medio bajo
25368,CUNDINAMARCA,JERUSALEN,0.00053,0.00119,0.00010,Bajo,Bajo,Bajo
25372,CUNDINAMARCA,JUNIN,0.00352,0.00383,0.00013,Bajo,Bajo,Bajo
25377,CUNDINAMARCA,LA CALERA,0.00311,0.00302,0.00148,Bajo,Bajo,Bajo
25386,CUNDINAMARCA,LA MESA,0.00018,0.00157,0.00206,Bajo,Bajo,Bajo
25394,CUNDINAMARCA,LA PALMA,0.00339,0.00046,0.01990,Bajo,Bajo,Medio
25398,CUNDINAMARCA,LA PEÑA,0.00366,0.00021,0.00013,Bajo,Bajo,Bajo
25402,CUNDINAMARCA,LA VEGA,0.00713,0.00138,0.00534,Medio bajo,Bajo,Bajo
25407,CUNDINAMARCA,LENGUAZAQUE,0.00012,0.00207,0.00000,Bajo,Bajo,Bajo
25426,CUNDINAMARCA,MACHETA,0.00000,0.00018,0.00318,Bajo,Bajo,Bajo
25430,CUNDINAMARCA,MADRID,0.00107,0.00217,0.00286,Bajo,Bajo,Bajo
25436,CUNDINAMARCA,MANTA,0.00000,0.00000,0.00000,Bajo,Bajo,Bajo
25438,CUNDINAMARCA,MEDINA,0.00264,0.01287,0.00046,Bajo,Medio bajo,Bajo
25473,CUNDINAMARCA,MOSQUERA,0.00358,0.00214,0.00243,Bajo,Bajo,Bajo
25483,CUNDINAMARCA,NARIÑO,0.00021,0.01727,0.00000,Bajo,Medio bajo,Bajo
25486,CUNDINAMARCA,NEMOCON,0.00000,0.00333,0.00493,Bajo,Bajo,Bajo
25488,CUNDINAMARCA,NILO,0.00579,0.00193,0.00014,Bajo,Bajo,Bajo
25489,CUNDINAMARCA,NIMAIMA,0.00034,0.00607,0.00000,Bajo,Bajo,Bajo
25491,CUNDINAMARCA,NOCAIMA,0.01146,0.00000,0.01092,Medio bajo,Bajo,Medio bajo
25506,CUNDINAMARCA,VENECIA,0.01190,0.00229,0.00126,Medio bajo,Bajo,Bajo
25513,CUNDINAMARCA,PACHO,0.00387,0.00083,0.00166,Bajo,Bajo,Bajo
25518,CUNDINAMARCA,PAIME,0.01041,0.00146,0.00041,Medio bajo,Bajo,Bajo
25524,CUNDINAMARCA,PANDI,0.00529,0.00479,0.00502,Bajo,Bajo,Bajo
25530,CUNDINAMARCA,PARATEBUENO,0.00304,0.02032,0.00819,Bajo,Medio,Medio bajo
25535,CUNDINAMARCA,PASCA,0.00791,0.00531,0.00228,Medio bajo,Bajo,Bajo
25572,CUNDINAMARCA,PUERTO SALGAR,0.00500,0.01153,0.01845,Bajo,Medio bajo,Medio bajo
25580,CUNDINAMARCA,PULI,0.00075,0.00625,0.00045,Bajo,Bajo,Bajo
25592,CUNDINAMARCA,QUEBRADANEGRA,0.00021,0.00433,0.01852,Bajo,Bajo,Medio bajo
25594,CUNDINAMARCA,QUETAME,0.00000,0.00379,0.00000,Bajo,Bajo,Bajo
25596,CUNDINAMARCA,QUIPILE,0.00054,0.00074,0.00373,Bajo,Bajo,Bajo
25599,CUNDINAMARCA,APULO,0.00781,0.01849,0.00021,Medio bajo,Medio bajo,Bajo
25612,CUNDINAMARCA,RICAURTE,0.00392,0.00558,0.00704,Bajo,Bajo,Medio bajo
25645,CUNDINAMARCA,SAN ANTONIO DEL TEQUENDAMA,0.00377,0.00196,0.00185,Bajo,Bajo,Bajo
25649,CUNDINAMARCA,SAN BERNARDO,0.00532,0.00287,0.00511,Bajo,Bajo,Bajo
25653,CUNDINAMARCA,SAN CAYETANO,0.00014,0.00019,0.00005,Bajo,Bajo,Bajo
25658,CUNDINAMARCA,SAN FRANCISCO,0.01088,0.00435,0.01044,Medio bajo,Bajo,Medio bajo
25662,CUNDINAMARCA,SAN JUAN DE RIO SECO,0.00306,0.00514,0.00038,Bajo,Bajo,Bajo
25718,CUNDINAMARCA,SASAIMA,0.00028,0.00584,0.00583,Bajo,Bajo,Bajo
25736,CUNDINAMARCA,SESQUILE,0.00377,0.00757,0.00560,Bajo,Medio bajo,Bajo
25740,CUNDINAMARCA,SIBATE,0.00233,0.00357,0.00181,Bajo,Bajo,Bajo
25743,CUNDINAMARCA,SILVANIA,0.00646,0.00255,0.01178,Bajo,Bajo,Medio bajo
25745,CUNDINAMARCA,SIMIJACA,0.00346,0.00170,0.00168,Bajo,Bajo,Bajo
25754,CUNDINAMARCA,SOACHA,0.00743,0.00590,0.00677,Medio bajo,Bajo,Medio bajo
25758,CUNDINAMARCA,SOPO,0.00086,0.00086,0.00090,Bajo,Bajo,Bajo
25769,CUNDINAMARCA,SUBACHOQUE,0.00415,0.00000,0.00142,Bajo,Bajo,Bajo
25772,CUNDINAMARCA,SUESCA,0.00138,0.00404,0.00391,Bajo,Bajo,Bajo
25777,CUNDINAMARCA,SUPATA,0.00406,0.00809,0.00000,Bajo,Medio bajo,Bajo
25779,CUNDINAMARCA,SUSA,0.00000,0.00000,0.00326,Bajo,Bajo,Bajo
25781,CUNDINAMARCA,SUTATAUSA,0.00395,0.00777,0.00380,Bajo,Medio bajo,Bajo
25785,CUNDINAMARCA,TABIO,0.00000,0.00225,0.00000,Bajo,Bajo,Bajo
25793,CUNDINAMARCA,TAUSA,0.00019,0.00259,0.00521,Bajo,Bajo,Bajo
25797,CUNDINAMARCA,TENA,0.00531,0.00000,0.00000,Bajo,Bajo,Bajo
25799,CUNDINAMARCA,TENJO,0.00010,0.00109,0.00306,Bajo,Bajo,Bajo
25805,CUNDINAMARCA,TIBACUY,0.00164,0.00495,0.00475,Bajo,Bajo,Bajo
25807,CUNDINAMARCA,TIBIRITA,0.00000,0.00000,0.00000,Bajo,Bajo,Bajo
25815,CUNDINAMARCA,TOCAIMA,0.00948,0.00365,0.00129,Medio bajo,Bajo,Bajo
25817,CUNDINAMARCA,TOCANCIPA,0.00217,0.00138,0.00066,Bajo,Bajo,Bajo
25823,CUNDINAMARCA,TOPAIPI,0.00059,0.00042,0.01554,Bajo,Bajo,Medio bajo
25839,CUNDINAMARCA,UBALA,0.00197,0.00222,0.00000,Bajo,Bajo,Bajo
25841,CUNDINAMARCA,UBAQUE,0.00000,0.00000,0.00000,Bajo,Bajo,Bajo
25843,CUNDINAMARCA,VILLA DE SAN DIEGO DE UBATE,0.00437,0.00368,0.00311,Bajo,Bajo,Bajo
25845,CUNDINAMARCA,UNE,0.00011,0.00259,0.00285,Bajo,Bajo,Bajo
25851,CUNDINAMARCA,UTICA,0.00047,0.00000,0.00925,Bajo,Bajo,Medio bajo
25862,CUNDINAMARCA,VERGARA,0.00032,0.00909,0.00317,Bajo,Medio bajo,Bajo
25867,CUNDINAMARCA,VIANI,0.00000,0.00986,0.00000,Bajo,Medio bajo,Bajo
25871,CUNDINAMARCA,VILLAGOMEZ,0.00053,0.02267,0.00000,Bajo,Medio,Bajo
25873,CUNDINAMARCA,VILLAPINZON,0.00000,0.00123,0.00246,Bajo,Bajo,Bajo
25875,CUNDINAMARCA,VILLETA,0.00230,0.00377,0.00622,Bajo,Bajo,Bajo
25878,CUNDINAMARCA,VIOTA,0.01265,0.00871,0.00371,Medio bajo,Medio bajo,Bajo
25885,CUNDINAMARCA,YACOPI,0.00187,0.00326,0.00027,Bajo,Bajo,Bajo
25898,CUNDINAMARCA,ZIPACON,0.00451,0.00000,0.00000,Bajo,Bajo,Bajo
25899,CUNDINAMARCA,ZIPAQUIRA,0.00140,0.00412,0.00460,Bajo,Bajo,Bajo
27001,CHOCÓ,QUIBDO,0.02784,0.02051,0.02368,Medio,Medio,Medio
27006,CHOCÓ,ACANDI,0.01968,0.01848,0.02049,Medio,Medio bajo,Medio
27025,CHOCÓ,ALTO BAUDO,0.06026,0.00798,0.02750,Muy alto,Medio bajo,Medio
27050,CHOCÓ,ATRATO,0.03597,0.02521,0.04821,Alto,Medio,Alto
27073,CHOCÓ,BAGADO,0.03238,0.03078,0.01067,Alto,Medio,Medio bajo
27075,CHOCÓ,BAHIA SOLANO,0.01376,0.01260,0.02834,Medio bajo,Medio bajo,Medio
27077,CHOCÓ,BAJO BAUDO,0.01918,0.03498,0.02518,Medio,Alto,Medio
27099,CHOCÓ,BOJAYA,0.00350,0.00633,0.00778,Bajo,Bajo,Medio bajo
27135,CHOCÓ,EL CANTON DEL SAN PABLO,0.01634,0.01069,0.01633,Medio bajo,Medio bajo,Medio bajo
27150,CHOCÓ,CARMEN DEL DARIEN,0.00750,0.00616,0.00226,Medio bajo,Bajo,Bajo
27160,CHOCÓ,CERTEGUI,0.00988,0.01138,0.00803,Medio bajo,Medio bajo,Medio bajo
27205,CHOCÓ,CONDOTO,0.01678,0.03831,0.01378,Medio bajo,Alto,Medio bajo
27245,CHOCÓ,EL CARMEN DE ATRATO,0.01906,0.01452,0.00622,Medio bajo,Medio bajo,Bajo
27250,CHOCÓ,EL LITORAL DEL SAN JUAN,0.05423,0.04561,0.06619,Alto,Alto,Muy alto
27361,CHOCÓ,ISTMINA,0.04332,0.03170,0.02807,Alto,Medio,Medio
27372,CHOCÓ,JURADO,0.02133,0.01686,0.01481,Medio,Medio bajo,Medio bajo
27413,CHOCÓ,LLORO,0.02089,0.03200,0.03850,Medio,Alto,Alto
27425,CHOCÓ,MEDIO ATRATO,0.02954,0.01743,0.02874,Medio,Medio bajo,Medio
27430,CHOCÓ,MEDIO BAUDO,0.02935,0.02289,0.03176,Medio,Medio,Alto
27450,CHOCÓ,MEDIO SAN JUAN,0.01665,0.04848,0.01896,Medio bajo,Alto,Medio bajo
27491,CHOCÓ,NOVITA,0.03340,0.01916,0.04091,Alto,Medio,Alto
27495,CHOCÓ,NUQUI,0.00827,0.00703,0.01409,Medio bajo,Medio bajo,Medio bajo
27580,CHOCÓ,RIO IRO,0.04549,0.01791,0.03441,Alto,Medio bajo,Alto
27600,CHOCÓ,RIO QUITO,0.02228,0.00526,0.01170,Medio,Bajo,Medio bajo
27615,CHOCÓ,RIOSUCIO,0.01164,0.01924,0.00920,Medio bajo,Medio,Medio bajo
27660,CHOCÓ,SAN JOSE DEL PALMAR,0.05912,0.05461,0.06955,Muy alto,Alto,Muy alto
27745,CHOCÓ,SIPI,0.04124,0.01571,0.01458,Alto,Medio bajo,Medio bajo
27787,CHOCÓ,TADO,0.03555,0.06923,0.04880,Alto,Muy alto,Alto
27800,CHOCÓ,UNGUIA,0.01578,0.05041,0.01865,Medio bajo,Alto,Medio bajo
27810,CHOCÓ,UNION PANAMERICANA,0.00494,0.00567,0.00513,Bajo,Bajo,Bajo
41001,HUILA,NEIVA,0.00679,0.00502,0.00403,Medio bajo,Bajo,Bajo
41006,HUILA,ACEVEDO,0.01530,0.01507,0.01573,Medio bajo,Medio bajo,Medio bajo
41013,HUILA,AGRADO,0.00607,0.00054,0.00232,Bajo,Bajo,Bajo
41016,HUILA,AIPE,0.01329,0.00271,0.00874,Medio bajo,Bajo,Medio bajo
41020,HUILA,ALGECIRAS,0.02601,0.02200,0.01883,Medio,Medio,Medio bajo
41026,HUILA,ALTAMIRA,0.03927,0.00006,0.00184,Alto,Bajo,Bajo
41078,HUILA,BARAYA,0.07052,0.09416,0.02005,Muy alto,Muy alto,Medio
41132,HUILA,CAMPOALEGRE,0.02480,0.01073,0.01142,Medio,Medio bajo,Medio bajo
41206,HUILA,COLOMBIA,0.05326,0.06622,0.02364,Alto,Muy alto,Medio
41244,HUILA,ELIAS,0.00083,0.00494,0.01089,Bajo,Bajo,Medio bajo
41298,HUILA,GARZON,0.00580,0.00599,0.00580,Bajo,Bajo,Bajo
41306,HUILA,GIGANTE,0.01385,0.00470,0.00842,Medio bajo,Bajo,Medio bajo
41319,HUILA,GUADALUPE,0.01006,0.00536,0.01078,Medio bajo,Bajo,Medio bajo
41349,HUILA,HOBO,0.05094,0.02073,0.00065,Alto,Medio,Bajo
41357,HUILA,IQUIRA,0.01349,0.01507,0.00895,Medio bajo,Medio bajo,Medio bajo
41359,HUILA,ISNOS,0.02057,0.01092,0.01339,Medio,Medio bajo,Medio bajo
41378,HUILA,LA ARGENTINA,0.00910,0.01059,0.00575,Medio bajo,Medio bajo,Bajo
41396,HUILA,LA PLATA,0.00627,0.00827,0.00344,Bajo,Medio bajo,Bajo
41483,HUILA,NATAGA,0.00856,0.00468,0.00139,Medio bajo,Bajo,Bajo
41503,HUILA,OPORAPA,0.00966,0.00213,0.00674,Medio bajo,Bajo,Medio bajo
41518,HUILA,PAICOL,0.00030,0.00038,0.00668,Bajo,Bajo,Medio bajo
41524,HUILA,PALERMO,0.00453,0.00413,0.00502,Bajo,Bajo,Bajo
41530,HUILA,PALESTINA,0.01741,0.00181,0.00412,Medio bajo,Bajo,Bajo
41548,HUILA,PITAL,0.00286,0.00358,0.00333,Bajo,Bajo,Bajo
41551,HUILA,PITALITO,0.00813,0.00617,0.00787,Medio bajo,Bajo,Medio bajo
41615,HUILA,RIVERA,0.00847,0.00274,0.00796,Medio bajo,Bajo,Medio bajo
41660,HUILA,SALADOBLANCO,0.00323,0.01343,0.00664,Bajo,Medio bajo,Medio bajo
41668,HUILA,SAN AGUSTIN,0.00570,0.00552,0.00666,Bajo,Bajo,Medio bajo
41676,HUILA,SANTA MARIA,0.01102,0.00626,0.01273,Medio bajo,Bajo,Medio bajo
41770,HUILA,SUAZA,0.00762,0.00862,0.00774,Medio bajo,Medio bajo,Medio bajo
41791,HUILA,TARQUI,0.01123,0.00851,0.01015,Medio bajo,Medio bajo,Medio bajo
41797,HUILA,TESALIA,0.01893,0.00544,0.00291,Medio bajo,Bajo,Bajo
41799,HUILA,TELLO,0.03372,0.01985,0.01271,Alto,Medio,Medio bajo
41801,HUILA,TERUEL,0.01574,0.00868,0.00756,Medio bajo,Medio bajo,Medio bajo
41807,HUILA,TIMANA,0.00596,0.01147,0.00310,Bajo,Medio bajo,Bajo
41872,HUILA,VILLAVIEJA,0.00463,0.00178,0.00323,Bajo,Bajo,Bajo
41885,HUILA,YAGUARA,0.00033,0.00360,0.01740,Bajo,Bajo,Medio bajo
44001,LA_GUAJIRA,RIOHACHA,0.01243,0.01080,0.00910,Medio bajo,Medio bajo,Medio bajo
44035,LA_GUAJIRA,ALBANIA,0.01106,0.00839,0.00206,Medio bajo,Medio bajo,Bajo
44078,LA_GUAJIRA,BARRANCAS,0.00880,0.00761,0.01046,Medio bajo,Medio bajo,Medio bajo
44090,LA_GUAJIRA,DIBULLA,0.01100,0.00511,0.00705,Medio bajo,Bajo,Medio bajo
44098,LA_GUAJIRA,DISTRACCION,0.00576,0.00788,0.00319,Bajo,Medio bajo,Bajo
44110,LA_GUAJIRA,EL MOLINO,0.01790,0.00111,0.00291,Medio bajo,Bajo,Bajo
44279,LA_GUAJIRA,FONSECA,0.03606,0.00585,0.00365,Alto,Bajo,Bajo
44378,LA_GUAJIRA,HATONUEVO,0.00273,0.00922,0.00532,Bajo,Medio bajo,Bajo
44420,LA_GUAJIRA,LA JAGUA DEL PILAR,0.00871,0.02172,0.01451,Medio bajo,Medio,Medio bajo
44430,LA_GUAJIRA,MAICAO,0.01001,0.01270,0.01399,Medio bajo,Medio bajo,Medio bajo
44560,LA_GUAJIRA,MANAURE,0.00190,0.00104,0.00101,Bajo,Bajo,Bajo
44650,LA_GUAJIRA,SAN JUAN DEL CESAR,0.01131,0.00488,0.00114,Medio bajo,Bajo,Bajo
44847,LA_GUAJIRA,URIBIA,0.00324,0.00310,0.00089,Bajo,Bajo,Bajo
44855,LA_GUAJIRA,URUMITA,0.00448,0.00740,0.00050,Bajo,Medio bajo,Bajo
44874,LA_GUAJIRA,VILLANUEVA,0.00487,0.00230,0.00663,Bajo,Bajo,Medio bajo
47001,MAGDALENA,SANTA MARTA,0.00775,0.00631,0.00538,Medio bajo,Bajo,Bajo
47030,MAGDALENA,ALGARROBO,0.00250,0.00429,0.00023,Bajo,Bajo,Bajo
47053,MAGDALENA,ARACATACA,0.01321,0.00817,0.00737,Medio bajo,Medio bajo,Medio bajo
47058,MAGDALENA,ARIGUANI,0.00309,0.00228,0.00431,Bajo,Bajo,Bajo
47161,MAGDALENA,CERRO SAN ANTONIO,0.00021,0.00018,0.00016,Bajo,Bajo,Bajo
47170,MAGDALENA,CHIBOLO,0.00114,0.00143,0.00110,Bajo,Bajo,Bajo
47189,MAGDALENA,CIENAGA,0.00583,0.00612,0.00493,Bajo,Bajo,Bajo
47205,MAGDALENA,CONCORDIA,0.00273,0.00000,0.00002,Bajo,Bajo,Bajo
47245,MAGDALENA,EL BANCO,0.00649,0.00408,0.00512,Medio bajo,Bajo,Bajo
47258,MAGDALENA,EL PIÑON,0.00049,0.00107,0.00103,Bajo,Bajo,Bajo
47268,MAGDALENA,EL RETEN,0.01060,0.00319,0.00123,Medio bajo,Bajo,Bajo
47288,MAGDALENA,FUNDACION,0.00413,0.00705,0.00634,Bajo,Medio bajo,Bajo
47318,MAGDALENA,GUAMAL,0.00693,0.00394,0.00339,Medio bajo,Bajo,Bajo
47460,MAGDALENA,NUEVA GRANADA,0.00019,0.00244,0.00369,Bajo,Bajo,Bajo
47541,MAGDALENA,PEDRAZA,0.00309,0.00253,0.00011,Bajo,Bajo,Bajo
47545,MAGDALENA,PIJIÑO DEL CARMEN,0.00018,0.00025,0.00210,Bajo,Bajo,Bajo
47551,MAGDALENA,PIVIJAY,0.00270,0.00226,0.00188,Bajo,Bajo,Bajo
47555,MAGDALENA,PLATO,0.00508,0.00423,0.00194,Bajo,Bajo,Bajo
47570,MAGDALENA,PUEBLOVIEJO,0.00359,0.00198,0.00373,Bajo,Bajo,Bajo
47605,MAGDALENA,REMOLINO,0.00041,0.00016,0.00188,Bajo,Bajo,Bajo
47660,MAGDALENA,SABANAS DE SAN ANGEL,0.00166,0.00022,0.00146,Bajo,Bajo,Bajo
47675,MAGDALENA,SALAMINA,0.00007,0.00221,0.00009,Bajo,Bajo,Bajo
47692,MAGDALENA,SAN SEBASTIAN DE BUENAVISTA,0.00173,0.00119,0.00333,Bajo,Bajo,Bajo
47703,MAGDALENA,SAN ZENON,0.00371,0.00020,0.00017,Bajo,Bajo,Bajo
47707,MAGDALENA,SANTA ANA,0.00735,0.00008,0.00018,Medio bajo,Bajo,Bajo
47720,MAGDALENA,SANTA BARBARA DE PINTO,0.00599,0.00272,0.00036,Bajo,Bajo,Bajo
47745,MAGDALENA,SITIONUEVO,0.00466,0.00440,0.00259,Bajo,Bajo,Bajo
47798,MAGDALENA,TENERIFE,0.00113,0.00344,0.00367,Bajo,Bajo,Bajo
47960,MAGDALENA,ZAPAYAN,0.00050,0.00218,0.00008,Bajo,Bajo,Bajo
47980,MAGDALENA,ZONA BANANERA,0.00772,0.00608,0.00438,Medio bajo,Bajo,Bajo
50001,META,VILLAVICENCIO,0.00795,0.00740,0.00623,Medio bajo,Medio bajo,Bajo
50006,META,ACACIAS,0.00840,0.00653,0.00700,Medio bajo,Medio bajo,Medio bajo
50110,META,BARRANCA DE UPIA,0.01810,0.00452,0.00036,Medio bajo,Bajo,Bajo
50124,META,CABUYARO,0.00024,0.00422,0.00074,Bajo,Bajo,Bajo
50150,META,CASTILLA LA NUEVA,0.00237,0.00237,0.00408,Bajo,Bajo,Bajo
50223,META,CUBARRAL,0.03556,0.00911,0.00947,Alto,Medio bajo,Medio bajo
50226,META,CUMARAL,0.01167,0.00403,0.00677,Medio bajo,Bajo,Medio bajo
50245,META,EL CALVARIO,0.00132,0.00233,0.00076,Bajo,Bajo,Bajo
50251,META,EL CASTILLO,0.07845,0.02221,0.00909,Muy alto,Medio,Medio bajo
50270,META,EL DORADO,0.02666,0.00709,0.00667,Medio,Medio bajo,Medio bajo
50287,META,FUENTE DE ORO,0.01041,0.01400,0.01796,Medio bajo,Medio bajo,Medio bajo
50313,META,GRANADA,0.01161,0.01016,0.01018,Medio bajo,Medio bajo,Medio bajo
50318,META,GUAMAL,0.01082,0.00649,0.00524,Medio bajo,Medio bajo,Bajo
50325,META,MAPIRIPAN,0.16368,0.15788,0.05295,Muy alto,Muy alto,Alto
50330,META,MESETAS,0.35859,0.25198,0.21887,Muy alto,Muy alto,Muy alto
50350,META,LA MACARENA,0.23605,0.13404,0.08648,Muy alto,Muy alto,Muy alto
50370,META,URIBE,0.43406,0.74215,0.61003,Muy alto,Muy alto,Muy alto
50400,META,LEJANIAS,0.04424,0.03162,0.01545,Alto,Medio,Medio bajo
50450,META,PUERTO CONCORDIA,0.07913,0.05361,0.02232,Muy alto,Alto,Medio
50568,META,PUERTO GAITAN,0.02398,0.02211,0.01291,Medio,Medio,Medio bajo
50573,META,PUERTO LOPEZ,0.01572,0.01705,0.01549,Medio bajo,Medio bajo,Medio bajo
50577,META,PUERTO LLERAS,0.02604,0.00881,0.01456,Medio,Medio bajo,Medio bajo
50590,META,PUERTO RICO,0.13633,0.16153,0.17099,Muy alto,Muy alto,Muy alto
50606,META,RESTREPO,0.00599,0.01334,0.00259,Bajo,Medio bajo,Bajo
50680,META,SAN CARLOS DE GUAROA,0.02581,0.00646,0.00572,Medio,Bajo,Bajo
50683,META,SAN JUAN DE ARAMA,0.09389,0.05396,0.03635,Muy alto,Alto,Alto
50686,META,SAN JUANITO,0.00089,0.00198,0.00000,Bajo,Bajo,Bajo
50689,META,SAN MARTIN,0.00901,0.00704,0.00879,Medio bajo,Medio bajo,Medio bajo
50711,META,VISTAHERMOSA,0.23546,0.12475,0.08366,Muy alto,Muy alto,Muy alto
52001,NARIÑO,PASTO,0.00369,0.00367,0.00358,Bajo,Bajo,Bajo
52019,NARIÑO,ALBAN,0.00959,0.00488,0.00467,Medio bajo,Bajo,Bajo
52022,NARIÑO,ALDANA,0.00297,0.00306,0.00000,Bajo,Bajo,Bajo
52036,NARIÑO,ANCUYA,0.00848,0.00218,0.00560,Medio bajo,Bajo,Bajo
52051,NARIÑO,ARBOLEDA,0.00457,0.00141,0.00315,Bajo,Bajo,Bajo
52079,NARIÑO,BARBACOAS,0.10296,0.09568,0.08890,Muy alto,Muy alto,Muy alto
52083,NARIÑO,BELEN,0.00603,0.01768,0.00067,Bajo,Medio bajo,Bajo
52110,NARIÑO,BUESACO,0.00137,0.00263,0.00257,Bajo,Bajo,Bajo
52203,NARIÑO,COLON,0.01183,0.01154,0.00699,Medio bajo,Medio bajo,Medio bajo
52207,NARIÑO,CONSACA,0.00519,0.00660,0.00029,Bajo,Medio bajo,Bajo
52210,NARIÑO,CONTADERO,0.00656,0.00355,0.01151,Medio bajo,Bajo,Medio bajo
52215,NARIÑO,CORDOBA,0.02071,0.02501,0.00549,Medio,Medio,Bajo
52224,NARIÑO,CUASPUD,0.00114,0.00268,0.00232,Bajo,Bajo,Bajo
52227,NARIÑO,CUMBAL,0.00921,0.00757,0.00644,Medio bajo,Medio bajo,Bajo
52233,NARIÑO,CUMBITARA,0.06457,0.08701,0.01720,Muy alto,Muy alto,Medio bajo
52240,NARIÑO,CHACHAGUI,0.00323,0.00194,0.00291,Bajo,Bajo,Bajo
52250,NARIÑO,EL CHARCO,0.07643,0.05364,0.06446,Muy alto,Alto,Muy alto
52254,NARIÑO,EL PEÑOL,0.00731,0.01350,0.00737,Medio bajo,Medio bajo,Medio bajo
52256,NARIÑO,EL ROSARIO,0.10783,0.04063,0.04470,Muy alto,Alto,Alto
52258,NARIÑO,EL TABLON DE GOMEZ,0.00651,0.00366,0.00312,Medio bajo,Bajo,Bajo
52260,NARIÑO,EL TAMBO,0.00575,0.01008,0.00668,Bajo,Medio bajo,Medio bajo
52287,NARIÑO,FUNES,0.00023,0.00322,0.00000,Bajo,Bajo,Bajo
52317,NARIÑO,GUACHUCAL,0.00347,0.00437,0.00365,Bajo,Bajo,Bajo
52320,NARIÑO,GUAITARILLA,0.00093,0.00797,0.00076,Bajo,Medio bajo,Bajo
52323,NARIÑO,GUALMATAN,0.00041,0.00029,0.00305,Bajo,Bajo,Bajo
52352,NARIÑO,ILES,0.00009,0.00811,0.00547,Bajo,Medio bajo,Bajo
52354,NARIÑO,IMUES,0.00009,0.00507,0.00266,Bajo,Bajo,Bajo
52356,NARIÑO,IPIALES,0.03319,0.03267,0.02450,Alto,Alto,Medio
52378,NARIÑO,LA CRUZ,0.00741,0.01036,0.00393,Medio bajo,Medio bajo,Bajo
52381,NARIÑO,LA FLORIDA,0.00560,0.00866,0.00151,Bajo,Medio bajo,Bajo
52385,NARIÑO,LA LLANADA,0.01695,0.01508,0.00565,Medio bajo,Medio bajo,Bajo
52390,NARIÑO,LA TOLA,0.02677,0.02669,0.01628,Medio,Medio,Medio bajo
52399,NARIÑO,LA UNION,0.01291,0.01185,0.00846,Medio bajo,Medio bajo,Medio bajo
52405,NARIÑO,LEIVA,0.02838,0.03182,0.03683,Medio,Alto,Alto
52411,NARIÑO,LINARES,0.03466,0.01299,0.02907,Alto,Medio bajo,Medio
52418,NARIÑO,LOS ANDES,0.01620,0.01322,0.00830,Medio bajo,Medio bajo,Medio bajo
52427,NARIÑO,MAGUI,0.03666,0.03441,0.03639,Alto,Alto,Alto
52435,NARIÑO,MALLAMA,0.01203,0.02578,0.05435,Medio bajo,Medio,Alto
52473,NARIÑO,MOSQUERA,0.01915,0.01245,0.00965,Medio,Medio bajo,Medio bajo
52480,NARIÑO,NARIÑO,0.00156,0.00248,0.01120,Bajo,Bajo,Medio bajo
52490,NARIÑO,OLAYA HERRERA,0.06830,0.07322,0.06108,Muy alto,Muy alto,Muy alto
52506,NARIÑO,OSPINA,0.00000,0.00273,0.00010,Bajo,Bajo,Bajo
52520,NARIÑO,FRANCISCO PIZARRO,0.03649,0.01964,0.02299,Alto,Medio,Medio
52540,NARIÑO,POLICARPA,0.11555,0.10464,0.05815,Muy alto,Muy alto,Muy alto
52560,NARIÑO,POTOSI,0.00905,0.00512,0.00517,Medio bajo,Bajo,Bajo
52565,NARIÑO,PROVIDENCIA,0.00785,0.01661,0.01929,Medio bajo,Medio bajo,Medio
52573,NARIÑO,PUERRES,0.01135,0.01323,0.00872,Medio bajo,Medio bajo,Medio bajo
52585,NARIÑO,PUPIALES,0.00325,0.01124,0.00336,Bajo,Medio bajo,Bajo
52612,NARIÑO,RICAURTE,0.04387,0.04094,0.03761,Alto,Alto,Alto
52621,NARIÑO,ROBERTO PAYAN,0.06909,0.06934,0.05069,Muy alto,Muy alto,Alto
52678,NARIÑO,SAMANIEGO,0.03638,0.04939,0.04372,Alto,Alto,Alto
52683,NARIÑO,SANDONA,0.00428,0.00314,0.00390,Bajo,Bajo,Bajo
52685,NARIÑO,SAN BERNARDO,0.00152,0.00615,0.00312,Bajo,Bajo,Bajo
52687,NARIÑO,SAN LORENZO,0.00536,0.00416,0.00058,Bajo,Bajo,Bajo
52693,NARIÑO,SAN PABLO,0.00234,0.00673,0.00327,Bajo,Medio bajo,Bajo
52694,NARIÑO,SAN PEDRO DE CARTAGO,0.00065,0.00363,0.00313,Bajo,Bajo,Bajo
52696,NARIÑO,SANTA BARBARA,0.03130,0.01596,0.02228,Medio,Medio bajo,Medio
52699,NARIÑO,SANTACRUZ,0.04334,0.02386,0.02449,Alto,Medio,Medio
52720,NARIÑO,SAPUYES,0.01650,0.00514,0.00029,Medio bajo,Bajo,Bajo
52786,NARIÑO,TAMINANGO,0.02555,0.00622,0.00905,Medio,Bajo,Medio bajo
52788,NARIÑO,TANGUA,0.00516,0.00107,0.00657,Bajo,Bajo,Medio bajo
52835,NARIÑO,SAN ANDRES DE TUMACO,0.39163,0.49267,0.42585,Muy alto,Muy alto,Muy alto
52838,NARIÑO,TUQUERRES,0.00301,0.00239,0.00599,Bajo,Bajo,Bajo
52885,NARIÑO,YACUANQUER,0.00250,0.00392,0.00034,Bajo,Bajo,Bajo
54001,NORTE_DE_SANTANDER,CUCUTA,0.00810,0.00835,0.01595,Medio bajo,Medio bajo,Medio bajo
54003,NORTE_DE_SANTANDER,ABREGO,0.00962,0.02431,0.01325,Medio bajo,Medio,Medio bajo
54051,NORTE_DE_SANTANDER,ARBOLEDAS,0.00028,0.00278,0.00452,Bajo,Bajo,Bajo
54099,NORTE_DE_SANTANDER,BOCHALEMA,0.00285,0.00860,0.00016,Bajo,Medio bajo,Bajo
54109,NORTE_DE_SANTANDER,BUCARASICA,0.01964,0.01330,0.03334,Medio,Medio bajo,Alto
54125,NORTE_DE_SANTANDER,CACOTA,0.00821,0.00730,0.01525,Medio bajo,Medio bajo,Medio bajo
54128,NORTE_DE_SANTANDER,CACHIRA,0.00477,0.00061,0.00099,Bajo,Bajo,Bajo
54172,NORTE_DE_SANTANDER,CHINACOTA,0.00177,0.00158,0.01116,Bajo,Bajo,Medio bajo
54174,NORTE_DE_SANTANDER,CHITAGA,0.00675,0.00641,0.00580,Medio bajo,Bajo,Bajo
54206,NORTE_DE_SANTANDER,CONVENCION,0.10575,0.08304,0.04592,Muy alto,Muy alto,Alto
54223,NORTE_DE_SANTANDER,CUCUTILLA,0.00065,0.00071,0.00306,Bajo,Bajo,Bajo
54239,NORTE_DE_SANTANDER,DURANIA,0.03029,0.01407,0.03473,Medio,Medio bajo,Alto
54245,NORTE_DE_SANTANDER,EL CARMEN,0.09215,0.10389,0.04200,Muy alto,Muy alto,Alto
54250,NORTE_DE_SANTANDER,EL TARRA,0.09653,0.13978,0.14408,Muy alto,Muy alto,Muy alto
54261,NORTE_DE_SANTANDER,EL ZULIA,0.02640,0.01322,0.01425,Medio,Medio bajo,Medio bajo
54313,NORTE_DE_SANTANDER,GRAMALOTE,0.00000,0.00589,0.00024,Bajo,Bajo,Bajo
54344,NORTE_DE_SANTANDER,HACARI,0.07769,0.10399,0.09239,Muy alto,Muy alto,Muy alto
54347,NORTE_DE_SANTANDER,HERRAN,0.00000,0.00027,0.00008,Bajo,Bajo,Bajo
54377,NORTE_DE_SANTANDER,LABATECA,0.00068,0.00050,0.00035,Bajo,Bajo,Bajo
54385,NORTE_DE_SANTANDER,LA ESPERANZA,0.00828,0.01995,0.00918,Medio bajo,Medio,Medio bajo
54398,NORTE_DE_SANTANDER,LA PLAYA,0.08378,0.17026,0.03752,Muy alto,Muy alto,Alto
54405,NORTE_DE_SANTANDER,LOS PATIOS,0.00529,0.00352,0.00294,Bajo,Bajo,Bajo
54418,NORTE_DE_SANTANDER,LOURDES,0.00575,0.00535,0.00025,Bajo,Bajo,Bajo
54480,NORTE_DE_SANTANDER,MUTISCUA,0.00000,0.00000,0.00557,Bajo,Bajo,Bajo
54498,NORTE_DE_SANTANDER,OCAÑA,0.01875,0.01144,0.01232,Medio bajo,Medio bajo,Medio bajo
54518,NORTE_DE_SANTANDER,PAMPLONA,0.00132,0.00134,0.00680,Bajo,Bajo,Medio bajo
54520,NORTE_DE_SANTANDER,PAMPLONITA,0.00025,0.00000,0.00029,Bajo,Bajo,Bajo
54553,NORTE_DE_SANTANDER,PUERTO SANTANDER,0.03345,0.02142,0.03085,Alto,Medio,Medio
54599,NORTE_DE_SANTANDER,RAGONVALIA,0.00017,0.00004,0.00116,Bajo,Bajo,Bajo
54660,NORTE_DE_SANTANDER,SALAZAR,0.00261,0.01315,0.00676,Bajo,Medio bajo,Medio bajo
54670,NORTE_DE_SANTANDER,SAN CALIXTO,0.09204,0.07623,0.07260,Muy alto,Muy alto,Muy alto
54673,NORTE_DE_SANTANDER,SAN CAYETANO,0.00450,0.02430,0.03365,Bajo,Medio,Alto
54680,NORTE_DE_SANTANDER,SANTIAGO,0.00000,0.04163,0.00000,Bajo,Alto,Bajo
54720,NORTE_DE_SANTANDER,SARDINATA,0.06924,0.05620,0.11240,Muy alto,Alto,Muy alto
54743,NORTE_DE_SANTANDER,SILOS,0.00048,0.00000,0.00423,Bajo,Bajo,Bajo
54800,NORTE_DE_SANTANDER,TEORAMA,0.13639,0.16632,0.11216,Muy alto,Muy alto,Muy alto
54810,NORTE_DE_SANTANDER,TIBU,0.17439,0.18479,0.27456,Muy alto,Muy alto,Muy alto
54820,NORTE_DE_SANTANDER,TOLEDO,0.04481,0.02042,0.01749,Alto,Medio,Medio bajo
54871,NORTE_DE_SANTANDER,VILLA CARO,0.02435,0.01609,0.00020,Medio,Medio bajo,Bajo
54874,NORTE_DE_SANTANDER,VILLA DEL ROSARIO,0.00961,0.00819,0.00855,Medio bajo,Medio bajo,Medio bajo
63001,QUINDÍO,ARMENIA,0.00676,0.00886,0.00810,Medio bajo,Medio bajo,Medio bajo
63111,QUINDÍO,BUENAVISTA,0.00000,0.00000,0.00716,Bajo,Bajo,Medio bajo
63130,QUINDÍO,CALARCA,0.00939,0.01060,0.01091,Medio bajo,Medio bajo,Medio bajo
63190,QUINDÍO,CIRCASIA,0.01187,0.00836,0.00984,Medio bajo,Medio bajo,Medio bajo
63212,QUINDÍO,CORDOBA,0.00486,0.00035,0.00386,Bajo,Bajo,Bajo
63272,QUINDÍO,FILANDIA,0.01089,0.00347,0.00346,Medio bajo,Bajo,Bajo
63302,QUINDÍO,GENOVA,0.01755,0.01135,0.02140,Medio bajo,Medio bajo,Medio
63401,QUINDÍO,LA TEBAIDA,0.01414,0.01509,0.01074,Medio bajo,Medio bajo,Medio bajo
63470,QUINDÍO,MONTENEGRO,0.01548,0.01575,0.02867,Medio bajo,Medio bajo,Medio
63548,QUINDÍO,PIJAO,0.02889,0.04785,0.00406,Medio,Alto,Bajo
63594,QUINDÍO,QUIMBAYA,0.01921,0.02079,0.01167,Medio,Medio,Medio bajo
63690,QUINDÍO,SALENTO,0.00026,0.00779,0.01462,Bajo,Medio bajo,Medio bajo
66001,RISARALDA,PEREIRA,0.00761,0.00853,0.00728,Medio bajo,Medio bajo,Medio bajo
66045,RISARALDA,APIA,0.00920,0.01221,0.01011,Medio bajo,Medio bajo,Medio bajo
66075,RISARALDA,BALBOA,0.00979,0.01324,0.00388,Medio bajo,Medio bajo,Bajo
66088,RISARALDA,BELEN DE UMBRIA,0.00612,0.00691,0.00764,Bajo,Medio bajo,Medio bajo
66170,RISARALDA,DOSQUEBRADAS,0.00663,0.00561,0.00520,Medio bajo,Bajo,Bajo
66318,RISARALDA,GUATICA,0.00446,0.01255,0.00387,Bajo,Medio bajo,Bajo
66383,RISARALDA,LA CELIA,0.01210,0.00553,0.01414,Medio bajo,Bajo,Medio bajo
66400,RISARALDA,LA VIRGINIA,0.01175,0.01467,0.01231,Medio bajo,Medio bajo,Medio bajo
66440,RISARALDA,MARSELLA,0.00686,0.00689,0.00712,Medio bajo,Medio bajo,Medio bajo
66456,RISARALDA,MISTRATO,0.01825,0.01274,0.00971,Medio bajo,Medio bajo,Medio bajo
66572,RISARALDA,PUEBLO RICO,0.02421,0.01949,0.04079,Medio,Medio,Alto
66594,RISARALDA,QUINCHIA,0.00925,0.00518,0.00726,Medio bajo,Bajo,Medio bajo
66682,RISARALDA,SANTA ROSA DE CABAL,0.00721,0.00770,0.00615,Medio bajo,Medio bajo,Bajo
66687,RISARALDA,SANTUARIO,0.00914,0.00772,0.01253,Medio bajo,Medio bajo,Medio bajo
68001,SANTANDER,BUCARAMANGA,0.00430,0.00336,0.00388,Bajo,Bajo,Bajo
68013,SANTANDER,AGUADA,0.00000,0.00000,0.00000,Bajo,Bajo,Bajo
68020,SANTANDER,ALBANIA,0.00055,0.01024,0.01027,Bajo,Medio bajo,Medio bajo
68051,SANTANDER,ARATOCA,0.00027,0.00018,0.00003,Bajo,Bajo,Bajo
68077,SANTANDER,BARBOSA,0.00322,0.00078,0.00357,Bajo,Bajo,Bajo
68079,SANTANDER,BARICHARA,0.00024,0.00233,0.00000,Bajo,Bajo,Bajo
68081,SANTANDER,BARRANCABERMEJA,0.00753,0.00801,0.00624,Medio bajo,Medio bajo,Bajo
68092,SANTANDER,BETULIA,0.00026,0.00452,0.00406,Bajo,Bajo,Bajo
68101,SANTANDER,BOLIVAR,0.00391,0.00075,0.00410,Bajo,Bajo,Bajo
68121,SANTANDER,CABRERA,0.01131,0.00000,0.00000,Medio bajo,Bajo,Bajo
68132,SANTANDER,CALIFORNIA,0.00000,0.00000,0.00000,Bajo,Bajo,Bajo
68147,SANTANDER,CAPITANEJO,0.00031,0.00000,0.00025,Bajo,Bajo,Bajo
68152,SANTANDER,CARCASI,0.00000,0.00465,0.00000,Bajo,Bajo,Bajo
68160,SANTANDER,CEPITA,0.00000,0.00060,0.00000,Bajo,Bajo,Bajo
68162,SANTANDER,CERRITO,0.00000,0.00148,0.00026,Bajo,Bajo,Bajo
68167,SANTANDER,CHARALA,0.00000,0.00167,0.00002,Bajo,Bajo,Bajo
68169,SANTANDER,CHARTA,0.00638,0.00652,0.00681,Bajo,Medio bajo,Medio bajo
68176,SANTANDER,CHIMA,0.00119,0.00030,0.00000,Bajo,Bajo,Bajo
68179,SANTANDER,CHIPATA,0.00024,0.00005,0.00000,Bajo,Bajo,Bajo
68190,SANTANDER,CIMITARRA,0.00744,0.00565,0.00731,Medio bajo,Bajo,Medio bajo
68207,SANTANDER,CONCEPCION,0.00020,0.00040,0.03119,Bajo,Bajo,Medio
68209,SANTANDER,CONFINES,0.00000,0.00679,0.00000,Bajo,Medio bajo,Bajo
68211,SANTANDER,CONTRATACION,0.00000,0.00550,0.00515,Bajo,Bajo,Bajo
68217,SANTANDER,COROMORO,0.00060,0.00042,0.00018,Bajo,Bajo,Bajo
68229,SANTANDER,CURITI,0.00006,0.00175,0.00000,Bajo,Bajo,Bajo
68235,SANTANDER,EL CARMEN DE CHUCURI,0.00928,0.00352,0.01829,Medio bajo,Bajo,Medio bajo
68245,SANTANDER,EL GUACAMAYO,0.00000,0.00060,0.00041,Bajo,Bajo,Bajo
68250,SANTANDER,EL PEÑON,0.00567,0.01788,0.00061,Bajo,Medio bajo,Bajo
68255,SANTANDER,EL PLAYON,0.00364,0.00179,0.01201,Bajo,Bajo,Medio bajo
68264,SANTANDER,ENCINO,0.00061,0.00000,0.00783,Bajo,Bajo,Medio bajo
68266,SANTANDER,ENCISO,0.00000,0.00000,0.00000,Bajo,Bajo,Bajo
68271,SANTANDER,FLORIAN,0.00365,0.00024,0.00021,Bajo,Bajo,Bajo
68276,SANTANDER,FLORIDABLANCA,0.00223,0.00192,0.00213,Bajo,Bajo,Bajo
68296,SANTANDER,GALAN,0.00008,0.00000,0.00000,Bajo,Bajo,Bajo
68298,SANTANDER,GAMBITA,0.00667,0.00501,0.00030,Medio bajo,Bajo,Bajo
68307,SANTANDER,GIRON,0.00354,0.00262,0.00423,Bajo,Bajo,Bajo
68318,SANTANDER,GUACA,0.00335,0.00354,0.00682,Bajo,Bajo,Medio bajo
68320,SANTANDER,GUADALUPE,0.00000,0.00382,0.00000,Bajo,Bajo,Bajo
68322,SANTANDER,GUAPOTA,0.00031,0.00000,0.00872,Bajo,Bajo,Medio bajo
68324,SANTANDER,GUAVATA,0.00150,0.00000,0.00465,Bajo,Bajo,Bajo
68327,SANTANDER,GUEPSA,0.02694,0.00030,0.00000,Medio,Bajo,Bajo
68344,SANTANDER,HATO,0.00000,0.00054,0.00000,Bajo,Bajo,Bajo
68368,SANTANDER,JESUS MARIA,0.00639,0.00029,0.00628,Bajo,Bajo,Bajo
68370,SANTANDER,JORDAN,0.00075,0.00113,0.00000,Bajo,Bajo,Bajo
68377,SANTANDER,LA BELLEZA,0.00057,0.00137,0.00037,Bajo,Bajo,Bajo
68385,SANTANDER,LANDAZURI,0.00368,0.00487,0.00983,Bajo,Bajo,Medio bajo
68397,SANTANDER,LA PAZ,0.00018,0.00381,0.00052,Bajo,Bajo,Bajo
68406,SANTANDER,LEBRIJA,0.00309,0.00466,0.00017,Bajo,Bajo,Bajo
68418,SANTANDER,LOS SANTOS,0.00013,0.00172,0.00163,Bajo,Bajo,Bajo
68425,SANTANDER,MACARAVITA,0.00065,0.00000,0.00080,Bajo,Bajo,Bajo
68432,SANTANDER,MALAGA,0.00111,0.00207,0.00110,Bajo,Bajo,Bajo
68444,SANTANDER,MATANZA,0.00451,0.00010,0.00025,Bajo,Bajo,Bajo
68464,SANTANDER,MOGOTES,0.00192,0.00002,0.00771,Bajo,Bajo,Medio bajo
68468,SANTANDER,MOLAGAVITA,0.00000,0.00034,0.00000,Bajo,Bajo,Bajo
68498,SANTANDER,OCAMONTE,0.00000,0.00000,0.00000,Bajo,Bajo,Bajo
68500,SANTANDER,OIBA,0.00397,0.00202,0.00000,Bajo,Bajo,Bajo
68502,SANTANDER,ONZAGA,0.00026,0.00848,0.00076,Bajo,Medio bajo,Bajo
68522,SANTANDER,PALMAR,0.00000,0.00000,0.00092,Bajo,Bajo,Bajo
68524,SANTANDER,PALMAS DEL SOCORRO,0.00829,0.00000,0.00000,Medio bajo,Bajo,Bajo
68533,SANTANDER,PARAMO,0.00000,0.00519,0.00478,Bajo,Bajo,Bajo
68547,SANTANDER,PIEDECUESTA,0.00223,0.00186,0.00251,Bajo,Bajo,Bajo
68549,SANTANDER,PINCHOTE,0.00000,0.00000,0.00000,Bajo,Bajo,Bajo
68572,SANTANDER,PUENTE NACIONAL,0.00142,0.00428,0.00142,Bajo,Bajo,Bajo
68573,SANTANDER,PUERTO PARRA,0.00091,0.00029,0.00369,Bajo,Bajo,Bajo
68575,SANTANDER,PUERTO WILCHES,0.00795,0.00882,0.00761,Medio bajo,Medio bajo,Medio bajo
68615,SANTANDER,RIONEGRO,0.00165,0.00268,0.00347,Bajo,Bajo,Bajo
68655,SANTANDER,SABANA DE TORRES,0.00861,0.01136,0.01011,Medio bajo,Medio bajo,Medio bajo
68669,SANTANDER,SAN ANDRES,0.00012,0.00247,0.00011,Bajo,Bajo,Bajo
68673,SANTANDER,SAN BENITO,0.00027,0.00615,0.00064,Bajo,Bajo,Bajo
68679,SANTANDER,SAN GIL,0.00455,0.00195,0.00076,Bajo,Bajo,Bajo
68682,SANTANDER,SAN JOAQUIN,0.00008,0.00000,0.00000,Bajo,Bajo,Bajo
68684,SANTANDER,SAN JOSE DE MIRANDA,0.00431,0.00000,0.00000,Bajo,Bajo,Bajo
68686,SANTANDER,SAN MIGUEL,0.00000,0.00000,0.00000,Bajo,Bajo,Bajo
68689,SANTANDER,SAN VICENTE DE CHUCURI,0.01071,0.00388,0.00274,Medio bajo,Bajo,Bajo
68705,SANTANDER,SANTA BARBARA,0.00000,0.00032,0.00032,Bajo,Bajo,Bajo
68720,SANTANDER,SANTA HELENA DEL OPON,0.00058,0.00049,0.00532,Bajo,Bajo,Bajo
68745,SANTANDER,SIMACOTA,0.00082,0.00057,0.00688,Bajo,Bajo,Medio bajo
68755,SANTANDER,SOCORRO,0.00136,0.00082,0.00262,Bajo,Bajo,Bajo
68770,SANTANDER,SUAITA,0.00621,0.00203,0.00000,Bajo,Bajo,Bajo
68773,SANTANDER,SUCRE,0.00152,0.00311,0.00285,Bajo,Bajo,Bajo
68780,SANTANDER,SURATA,0.00489,0.00506,0.01567,Bajo,Bajo,Medio bajo
68820,SANTANDER,TONA,0.00043,0.00035,0.00294,Bajo,Bajo,Bajo
68855,SANTANDER,VALLE DE SAN JOSE,0.00361,0.00000,0.00000,Bajo,Bajo,Bajo
68861,SANTANDER,VELEZ,0.00718,0.00013,0.00267,Medio bajo,Bajo,Bajo
68867,SANTANDER,VETAS,0.01083,0.00000,0.00000,Medio bajo,Bajo,Bajo
68872,SANTANDER,VILLANUEVA,0.00029,0.00283,0.00000,Bajo,Bajo,Bajo
68895,SANTANDER,ZAPATOCA,0.00209,0.00003,0.00431,Bajo,Bajo,Bajo
70001,SUCRE,SINCELEJO,0.00504,0.00558,0.00479,Bajo,Bajo,Bajo
70110,SUCRE,BUENAVISTA,0.00075,0.00007,0.00437,Bajo,Bajo,Bajo
70124,SUCRE,CAIMITO,0.00343,0.00002,0.00314,Bajo,Bajo,Bajo
70204,SUCRE,COLOSO,0.00576,0.00413,0.00190,Bajo,Bajo,Bajo
70215,SUCRE,COROZAL,0.00411,0.00406,0.00069,Bajo,Bajo,Bajo
70221,SUCRE,COVEÑAS,0.00488,0.00722,0.00197,Bajo,Medio bajo,Bajo
70230,SUCRE,CHALAN,0.00610,0.00518,0.00931,Bajo,Bajo,Medio bajo
70233,SUCRE,EL ROBLE,0.00095,0.00486,0.00233,Bajo,Bajo,Bajo
70235,SUCRE,GALERAS,0.00039,0.00040,0.00110,Bajo,Bajo,Bajo
70265,SUCRE,GUARANDA,0.01102,0.01283,0.00700,Medio bajo,Medio bajo,Medio bajo
70400,SUCRE,LA UNION,0.00021,0.00048,0.00017,Bajo,Bajo,Bajo
70418,SUCRE,LOS PALMITOS,0.00282,0.00132,0.00128,Bajo,Bajo,Bajo
70429,SUCRE,MAJAGUAL,0.00195,0.00500,0.00247,Bajo,Bajo,Bajo
70473,SUCRE,MORROA,0.01551,0.00351,0.00009,Medio bajo,Bajo,Bajo
70508,SUCRE,OVEJAS,0.00183,0.00184,0.00423,Bajo,Bajo,Bajo
70523,SUCRE,PALMITO,0.00921,0.00025,0.00002,Medio bajo,Bajo,Bajo
70670,SUCRE,SAMPUES,0.00890,0.00084,0.00487,Medio bajo,Bajo,Bajo
70678,SUCRE,SAN BENITO ABAD,0.00312,0.00154,0.00264,Bajo,Bajo,Bajo
70702,SUCRE,SAN JUAN DE BETULIA,0.00000,0.00051,0.00321,Bajo,Bajo,Bajo
70708,SUCRE,SAN MARCOS,0.00626,0.00603,0.00378,Bajo,Bajo,Bajo
70713,SUCRE,SAN ONOFRE,0.01237,0.00481,0.00604,Medio bajo,Bajo,Bajo
70717,SUCRE,SAN PEDRO,0.00170,0.00158,0.00262,Bajo,Bajo,Bajo
70742,SUCRE,SAN LUIS DE SINCE,0.00143,0.00277,0.00138,Bajo,Bajo,Bajo
70771,SUCRE,SUCRE,0.00284,0.00468,0.00179,Bajo,Bajo,Bajo
70820,SUCRE,SANTIAGO DE TOLU,0.00516,0.00429,0.00402,Bajo,Bajo,Bajo
70823,SUCRE,TOLU VIEJO,0.00234,0.00333,0.00262,Bajo,Bajo,Bajo
73001,TOLIMA,IBAGUE,0.00590,0.00706,0.00439,Bajo,Medio bajo,Bajo
73024,TOLIMA,ALPUJARRA,0.00258,0.00146,0.00483,Bajo,Bajo,Bajo
73026,TOLIMA,ALVARADO,0.02771,0.00135,0.01103,Medio,Bajo,Medio bajo
73030,TOLIMA,AMBALEMA,0.04772,0.02118,0.01810,Alto,Medio,Medio bajo
73043,TOLIMA,ANZOATEGUI,0.01983,0.01315,0.03045,Medio,Medio bajo,Medio
73055,TOLIMA,ARMERO,0.01639,0.00505,0.00339,Medio bajo,Bajo,Bajo
73067,TOLIMA,ATACO,0.04161,0.02336,0.01280,Alto,Medio,Medio bajo
73124,TOLIMA,CAJAMARCA,0.01068,0.00788,0.01042,Medio bajo,Medio bajo,Medio bajo
73148,TOLIMA,CARMEN DE APICALA,0.01787,0.00022,0.00271,Medio bajo,Bajo,Bajo
73152,TOLIMA,CASABIANCA,0.01501,0.00798,0.00447,Medio bajo,Medio bajo,Bajo
73168,TOLIMA,CHAPARRAL,0.04655,0.03323,0.01780,Alto,Alto,Medio bajo
73200,TOLIMA,COELLO,0.00075,0.00090,0.00024,Bajo,Bajo,Bajo
73217,TOLIMA,COYAIMA,0.01313,0.01231,0.00494,Medio bajo,Medio bajo,Bajo
73226,TOLIMA,CUNDAY,0.01571,0.00397,0.01184,Medio bajo,Bajo,Medio bajo
73236,TOLIMA,DOLORES,0.03228,0.02081,0.00982,Alto,Medio,Medio bajo
73268,TOLIMA,ESPINAL,0.00938,0.00369,0.00631,Medio bajo,Bajo,Bajo
73270,TOLIMA,FALAN,0.00135,0.00103,0.00571,Bajo,Bajo,Bajo
73275,TOLIMA,FLANDES,0.03971,0.01630,0.01283,Alto,Medio bajo,Medio bajo
73283,TOLIMA,FRESNO,0.01306,0.00441,0.00770,Medio bajo,Bajo,Medio bajo
73319,TOLIMA,GUAMO,0.01880,0.01023,0.01192,Medio bajo,Medio bajo,Medio bajo
73347,TOLIMA,HERVEO,0.00563,0.00849,0.01099,Bajo,Medio bajo,Medio bajo
73349,TOLIMA,HONDA,0.00323,0.00320,0.00822,Bajo,Bajo,Medio bajo
73352,TOLIMA,ICONONZO,0.02735,0.00368,0.00404,Medio,Bajo,Bajo
73408,TOLIMA,LERIDA,0.00548,0.00604,0.01066,Bajo,Bajo,Medio bajo
73411,TOLIMA,LIBANO,0.00645,0.01442,0.00761,Bajo,Medio bajo,Medio bajo
73443,TOLIMA,MARIQUITA,0.00786,0.00526,0.00287,Medio bajo,Bajo,Bajo
73449,TOLIMA,MELGAR,0.00788,0.01126,0.00549,Medio bajo,Medio bajo,Bajo
73461,TOLIMA,MURILLO,0.01679,0.01303,0.01204,Medio bajo,Medio bajo,Medio bajo
73483,TOLIMA,NATAGAIMA,0.01289,0.00845,0.00371,Medio bajo,Medio bajo,Bajo
73504,TOLIMA,ORTEGA,0.00638,0.00499,0.00431,Bajo,Bajo,Bajo
73520,TOLIMA,PALOCABILDO,0.01660,0.00274,0.00265,Medio bajo,Bajo,Bajo
73547,TOLIMA,PIEDRAS,0.00052,0.00008,0.00000,Bajo,Bajo,Bajo
73555,TOLIMA,PLANADAS,0.06126,0.03357,0.02113,Muy alto,Alto,Medio
73563,TOLIMA,PRADO,0.00562,0.00998,0.00830,Bajo,Medio bajo,Medio bajo
73585,TOLIMA,PURIFICACION,0.00380,0.00377,0.00281,Bajo,Bajo,Bajo
73616,TOLIMA,RIOBLANCO,0.03461,0.03150,0.01111,Alto,Medio,Medio bajo
73622,TOLIMA,RONCESVALLES,0.04815,0.01734,0.01618,Alto,Medio bajo,Medio bajo
73624,TOLIMA,ROVIRA,0.06721,0.02630,0.02081,Muy alto,Medio,Medio
73671,TOLIMA,SALDAÑA,0.00436,0.01319,0.00595,Bajo,Medio bajo,Bajo
73675,TOLIMA,SAN ANTONIO,0.02978,0.00988,0.01730,Medio,Medio bajo,Medio bajo
73678,TOLIMA,SAN LUIS,0.00476,0.00300,0.00373,Bajo,Bajo,Bajo
73686,TOLIMA,SANTA ISABEL,0.00967,0.00962,0.01226,Medio bajo,Medio bajo,Medio bajo
73770,TOLIMA,SUAREZ,0.00590,0.00037,0.00000,Bajo,Bajo,Bajo
73854,TOLIMA,VALLE DE SAN JUAN,0.01227,0.01079,0.00142,Medio bajo,Medio bajo,Bajo
73861,TOLIMA,VENADILLO,0.01328,0.01636,0.00854,Medio bajo,Medio bajo,Medio bajo
73870,TOLIMA,VILLAHERMOSA,0.01147,0.01383,0.01380,Medio bajo,Medio bajo,Medio bajo
73873,TOLIMA,VILLARRICA,0.03065,0.02036,0.01621,Medio,Medio,Medio bajo
76001,VALLE_DEL_CAUCA,CALI,0.01577,0.01355,0.01312,Medio bajo,Medio bajo,Medio bajo
76020,VALLE_DEL_CAUCA,ALCALA,0.01549,0.01900,0.02919,Medio bajo,Medio bajo,Medio
76036,VALLE_DEL_CAUCA,ANDALUCIA,0.00822,0.01180,0.01640,Medio bajo,Medio bajo,Medio bajo
76041,VALLE_DEL_CAUCA,ANSERMANUEVO,0.00908,0.01027,0.01711,Medio bajo,Medio bajo,Medio bajo
76054,VALLE_DEL_CAUCA,ARGELIA,0.02829,0.02136,0.00409,Medio,Medio,Bajo
76100,VALLE_DEL_CAUCA,BOLIVAR,0.02510,0.01198,0.01098,Medio,Medio bajo,Medio bajo
76109,VALLE_DEL_CAUCA,BUENAVENTURA,0.07988,0.04592,0.02770,Muy alto,Alto,Medio
76111,VALLE_DEL_CAUCA,GUADALAJARA DE BUGA,0.01591,0.01527,0.01215,Medio bajo,Medio bajo,Medio bajo
76113,VALLE_DEL_CAUCA,BUGALAGRANDE,0.01284,0.01101,0.01374,Medio bajo,Medio bajo,Medio bajo
76122,VALLE_DEL_CAUCA,CAICEDONIA,0.01657,0.02112,0.02819,Medio bajo,Medio,Medio
76126,VALLE_DEL_CAUCA,CALIMA,0.01766,0.01267,0.01188,Medio bajo,Medio bajo,Medio bajo
76130,VALLE_DEL_CAUCA,CANDELARIA,0.00689,0.00841,0.01490,Medio bajo,Medio bajo,Medio bajo
76147,VALLE_DEL_CAUCA,CARTAGO,0.01084,0.01278,0.00725,Medio bajo,Medio bajo,Medio bajo
76233,VALLE_DEL_CAUCA,DAGUA,0.02049,0.01327,0.00711,Medio,Medio bajo,Medio bajo
76243,VALLE_DEL_CAUCA,EL AGUILA,0.02120,0.02285,0.02424,Medio,Medio,Medio
76246,VALLE_DEL_CAUCA,EL CAIRO,0.00460,0.04054,0.00840,Bajo,Alto,Medio bajo
76248,VALLE_DEL_CAUCA,EL CERRITO,0.02265,0.03460,0.01161,Medio,Alto,Medio bajo
76250,VALLE_DEL_CAUCA,EL DOVIO,0.04138,0.00459,0.00983,Alto,Bajo,Medio bajo
76275,VALLE_DEL_CAUCA,FLORIDA,0.02580,0.02379,0.01635,Medio,Medio,Medio bajo
76306,VALLE_DEL_CAUCA,GINEBRA,0.01386,0.00446,0.00221,Medio bajo,Bajo,Bajo
76318,VALLE_DEL_CAUCA,GUACARI,0.01559,0.01578,0.01123,Medio bajo,Medio bajo,Medio bajo
76364,VALLE_DEL_CAUCA,JAMUNDI,0.02117,0.01533,0.01276,Medio,Medio bajo,Medio bajo
76377,VALLE_DEL_CAUCA,LA CUMBRE,0.00706,0.00475,0.00355,Medio bajo,Bajo,Bajo
76400,VALLE_DEL_CAUCA,LA UNION,0.02050,0.02539,0.02067,Medio,Medio,Medio
76403,VALLE_DEL_CAUCA,LA VICTORIA,0.01596,0.03198,0.01377,Medio bajo,Alto,Medio bajo
76497,VALLE_DEL_CAUCA,OBANDO,0.02302,0.01586,0.02447,Medio,Medio bajo,Medio
76520,VALLE_DEL_CAUCA,PALMIRA,0.00997,0.01359,0.00962,Medio bajo,Medio bajo,Medio bajo
76563,VALLE_DEL_CAUCA,PRADERA,0.01972,0.03552,0.01568,Medio,Alto,Medio bajo
76606,VALLE_DEL_CAUCA,RESTREPO,0.02165,0.00877,0.01775,Medio,Medio bajo,Medio bajo
76616,VALLE_DEL_CAUCA,RIOFRIO,0.01410,0.01792,0.02184,Medio bajo,Medio bajo,Medio
76622,VALLE_DEL_CAUCA,ROLDANILLO,0.00850,0.00707,0.01411,Medio bajo,Medio bajo,Medio bajo
76670,VALLE_DEL_CAUCA,SAN PEDRO,0.02599,0.01904,0.02363,Medio,Medio bajo,Medio
76736,VALLE_DEL_CAUCA,SEVILLA,0.01711,0.01545,0.01139,Medio bajo,Medio bajo,Medio bajo
76823,VALLE_DEL_CAUCA,TORO,0.00708,0.00704,0.02463,Medio bajo,Medio bajo,Medio
76828,VALLE_DEL_CAUCA,TRUJILLO,0.01872,0.01048,0.01893,Medio bajo,Medio bajo,Medio bajo
76834,VALLE_DEL_CAUCA,TULUA,0.01553,0.01499,0.01196,Medio bajo,Medio bajo,Medio bajo
76845,VALLE_DEL_CAUCA,ULLOA,0.00920,0.00112,0.00046,Medio bajo,Bajo,Bajo
76863,VALLE_DEL_CAUCA,VERSALLES,0.00077,0.00356,0.01296,Bajo,Bajo,Medio bajo
76869,VALLE_DEL_CAUCA,VIJES,0.00182,0.00361,0.01204,Bajo,Bajo,Medio bajo
76890,VALLE_DEL_CAUCA,YOTOCO,0.00778,0.00685,0.01078,Medio bajo,Medio bajo,Medio bajo
76892,VALLE_DEL_CAUCA,YUMBO,0.01611,0.01788,0.02112,Medio bajo,Medio bajo,Medio
76895,VALLE_DEL_CAUCA,ZARZAL,0.01223,0.01158,0.00587,Medio bajo,Medio bajo,Bajo
81001,ARAUCA,ARAUCA,0.03426,0.01049,0.00823,Alto,Medio bajo,Medio bajo
81065,ARAUCA,ARAUQUITA,0.10156,0.06553,0.05212,Muy alto,Muy alto,Alto
81220,ARAUCA,CRAVO NORTE,0.00190,0.01616,0.00703,Bajo,Medio bajo,Medio bajo
81300,ARAUCA,FORTUL,0.20570,0.07827,0.08545,Muy alto,Muy alto,Muy alto
81591,ARAUCA,PUERTO RONDON,0.03021,0.05795,0.05961,Medio,Muy alto,Muy alto
81736,ARAUCA,SARAVENA,0.09246,0.02862,0.03231,Muy alto,Medio,Alto
81794,ARAUCA,TAME,0.16179,0.08451,0.05879,Muy alto,Muy alto,Muy alto
85001,CASANARE,YOPAL,0.00590,0.00649,0.00595,Bajo,Medio bajo,Bajo
85010,CASANARE,AGUAZUL,0.00920,0.01579,0.01424,Medio bajo,Medio bajo,Medio bajo
85015,CASANARE,CHAMEZA,0.01130,0.00868,0.00000,Medio bajo,Medio bajo,Bajo
85125,CASANARE,HATO COROZAL,0.02630,0.02300,0.00886,Medio,Medio,Medio bajo
85136,CASANARE,LA SALINA,0.09134,0.00032,0.10491,Muy alto,Bajo,Muy alto
85139,CASANARE,MANI,0.01027,0.00575,0.00856,Medio bajo,Bajo,Medio bajo
85162,CASANARE,MONTERREY,0.00172,0.00152,0.00299,Bajo,Bajo,Bajo
85225,CASANARE,NUNCHIA,0.01384,0.00995,0.00586,Medio bajo,Medio bajo,Bajo
85230,CASANARE,OROCUE,0.00800,0.02137,0.00065,Medio bajo,Medio,Bajo
85250,CASANARE,PAZ DE ARIPORO,0.00471,0.00937,0.01063,Bajo,Medio bajo,Medio bajo
85263,CASANARE,PORE,0.01787,0.00745,0.00046,Medio bajo,Medio bajo,Bajo
85279,CASANARE,RECETOR,0.00101,0.05035,0.01246,Bajo,Alto,Medio bajo
85300,CASANARE,SABANALARGA,0.00029,0.00006,0.00006,Bajo,Bajo,Bajo
85315,CASANARE,SACAMA,0.09498,0.02698,0.00189,Muy alto,Medio,Bajo
85325,CASANARE,SAN LUIS DE PALENQUE,0.02381,0.00462,0.01012,Medio,Bajo,Medio bajo
85400,CASANARE,TAMARA,0.02300,0.00405,0.00350,Medio,Bajo,Bajo
85410,CASANARE,TAURAMENA,0.00357,0.00918,0.01308,Bajo,Medio bajo,Medio bajo
85430,CASANARE,TRINIDAD,0.01100,0.02219,0.01342,Medio bajo,Medio,Medio bajo
85440,CASANARE,VILLANUEVA,0.01145,0.00809,0.00786,Medio bajo,Medio bajo,Medio bajo
86001,PUTUMAYO,MOCOA,0.02074,0.01681,0.00651,Medio,Medio bajo,Medio bajo
86219,PUTUMAYO,COLON,0.00179,0.00526,0.00078,Bajo,Bajo,Bajo
86320,PUTUMAYO,ORITO,0.13040,0.09132,0.07042,Muy alto,Muy alto,Muy alto
86568,PUTUMAYO,PUERTO ASIS,0.23981,0.20656,0.15626,Muy alto,Muy alto,Muy alto
86569,PUTUMAYO,PUERTO CAICEDO,0.09335,0.10167,0.04288,Muy alto,Muy alto,Alto
86571,PUTUMAYO,PUERTO GUZMAN,0.07843,0.07166,0.05107,Muy alto,Muy alto,Alto
86573,PUTUMAYO,LEGUIZAMO,0.09377,0.07226,0.05083,Muy alto,Muy alto,Alto
86749,PUTUMAYO,SIBUNDOY,0.00361,0.00060,0.00175,Bajo,Bajo,Bajo
86755,PUTUMAYO,SAN FRANCISCO,0.00106,0.00470,0.01114,Bajo,Bajo,Medio bajo
86757,PUTUMAYO,SAN MIGUEL,0.11028,0.11038,0.06810,Muy alto,Muy alto,Muy alto
86760,PUTUMAYO,SANTIAGO,0.00114,0.00507,0.00037,Bajo,Bajo,Bajo
86865,PUTUMAYO,VALLE DEL GUAMUEZ,0.14924,0.13653,0.11611,Muy alto,Muy alto,Muy alto
86885,PUTUMAYO,VILLAGARZON,0.10059,0.05649,0.03198,Muy alto,Alto,Alto
88001,SAN_ANDRÉS_ISLAS,SAN ANDRES,0.00841,0.00691,0.00451,Medio bajo,Medio bajo,Bajo
88564,SAN_ANDRÉS_ISLAS,PROVIDENCIA,0.00349,0.00008,0.00000,Bajo,Bajo,Bajo
91001,AMAZONAS,LETICIA,0.01442,0.00501,0.00812,Medio bajo,Bajo,Medio bajo
91263,AMAZONAS,EL ENCANTO,0.00166,0.00031,0.00092,Bajo,Bajo,Bajo
91405,AMAZONAS,LA CHORRERA,0.01121,0.00132,0.00025,Medio bajo,Bajo,Bajo
91407,AMAZONAS,LA PEDRERA,0.00034,0.00099,0.00198,Bajo,Bajo,Bajo
91430,AMAZONAS,LA VICTORIA,0.00000,0.00000,0.00000,Bajo,Bajo,Bajo
91460,AMAZONAS,MIRITI - PARANA,0.00032,0.00000,0.00000,Bajo,Bajo,Bajo
91530,AMAZONAS,PUERTO ALEGRIA,0.00890,0.00565,0.00388,Medio bajo,Bajo,Bajo
91536,AMAZONAS,PUERTO ARICA,0.00234,0.00085,0.00161,Bajo,Bajo,Bajo
91540,AMAZONAS,PUERTO NARIÑO,0.00000,0.00032,0.00234,Bajo,Bajo,Bajo
91669,AMAZONAS,PUERTO SANTANDER,0.02204,0.00531,0.00428,Medio,Bajo,Bajo
91798,AMAZONAS,TARAPACA,0.00354,0.00092,0.00031,Bajo,Bajo,Bajo
94001,GUAINÍA,INIRIDA,0.00637,0.00460,0.00368,Bajo,Bajo,Bajo
94343,GUAINÍA,BARRANCO MINAS,0.00156,0.00150,0.00319,Bajo,Bajo,Bajo
94663,GUAINÍA,MAPIRIPANA,0.00730,0.00239,0.00036,Medio bajo,Bajo,Bajo
94883,GUAINÍA,SAN FELIPE,0.00095,0.00228,0.00000,Bajo,Bajo,Bajo
94884,GUAINÍA,PUERTO COLOMBIA,0.00068,0.00141,0.00000,Bajo,Bajo,Bajo
94885,GUAINÍA,LA GUADALUPE,0.00000,0.00000,0.00000,Bajo,Bajo,Bajo
94886,GUAINÍA,CACAHUAL,0.00665,0.00060,0.00000,Medio bajo,Bajo,Bajo
94887,GUAINÍA,PANA PANA,0.00007,0.00000,0.00032,Bajo,Bajo,Bajo
94888,GUAINÍA,MORICHAL,0.00441,0.00042,0.00028,Bajo,Bajo,Bajo
95001,GUAVIARE,SAN JOSE DEL GUAVIARE,0.09470,0.07693,0.04337,Muy alto,Muy alto,Alto
95015,GUAVIARE,CALAMAR,0.08330,0.09218,0.02341,Muy alto,Muy alto,Medio
95025,GUAVIARE,EL RETORNO,0.09668,0.07118,0.05764,Muy alto,Muy alto,Muy alto
95200,GUAVIARE,MIRAFLORES,0.14941,0.08659,0.07969,Muy alto,Muy alto,Muy alto
97001,VAUPÉS,MITU,0.00586,0.00604,0.00571,Bajo,Bajo,Bajo
97161,VAUPÉS,CARURU,0.06271,0.08086,0.02780,Muy alto,Muy alto,Medio
97511,VAUPÉS,PACOA,0.00023,0.00023,0.00044,Bajo,Bajo,Bajo
97666,VAUPÉS,TARAIRA,0.00046,0.01419,0.00105,Bajo,Medio bajo,Bajo
97777,VAUPÉS,PAPUNAUA,0.00204,0.00163,0.00000,Bajo,Bajo,Bajo
97889,VAUPÉS,YAVARATE,0.00000,0.00000,0.00000,Bajo,Bajo,Bajo
99001,VICHADA,PUERTO CARREÑO,0.01225,0.00620,0.01161,Medio bajo,Bajo,Medio bajo
99524,VICHADA,LA PRIMAVERA,0.00876,0.01250,0.00745,Medio bajo,Medio bajo,Medio bajo
99624,VICHADA,SANTA ROSALIA,0.00080,0.00076,0.00058,Bajo,Bajo,Bajo
99773,VICHADA,CUMARIBO,0.02855,0.02874,0.01442,Medio,Medio,Medio bajo
